<?xml version = '1.0' encoding = 'UTF-8'?>
<Table class="oracle.dbtools.crest.model.design.relational.Table" directorySegmentName="seg_0" id="289B2E62-64F5-389D-0C94-72E82D169273" name="Team">
<createdBy>Lahcim</createdBy>
<createdTime>2016-05-18 12:27:26 UTC</createdTime>
<generatorID>ECB1F665-6E08-414F-A79D-3D118B3B4F30</generatorID>
<ownerDesignName>LahStud_Baza</ownerDesignName>
<allowColumnReorder>false</allowColumnReorder>
<existDependencyGenerateInDDl>true</existDependencyGenerateInDDl>
<parsed>true</parsed>
<columns itemClass="oracle.dbtools.crest.model.design.relational.Column">
<Column name="id" id="5C45978A-79CF-1BBC-D725-A07E8E90BDA1">
<createdBy>Lahcim</createdBy>
<createdTime>2016-05-18 12:27:26 UTC</createdTime>
<generatorID>E76D797D-1A2C-3D87-D7A6-741342291304</generatorID>
<ownerDesignName>LahStud_Baza</ownerDesignName>
<use>0</use>
<logicalDatatype>LOGDT019</logicalDatatype>
<domain>00C71662-2924-1C01-E411-AC2C45804BE1</domain>
<ownDataTypeParameters>,,</ownDataTypeParameters>
<autoIncrementCycle>false</autoIncrementCycle>
</Column>
<Column name="dept_id" id="DCED05BF-F540-832B-AC04-8C8257774D37">
<createdBy>Lahcim</createdBy>
<createdTime>2016-05-18 12:27:26 UTC</createdTime>
<generatorID>FE37F98E-A4F2-BFE3-4A67-511B16B06353</generatorID>
<ownerDesignName>LahStud_Baza</ownerDesignName>
<use>0</use>
<logicalDatatype>LOGDT019</logicalDatatype>
<domain>00C71662-2924-1C01-E411-AC2C45804BE1</domain>
<ownDataTypeParameters>,,</ownDataTypeParameters>
<previousColumn>false</previousColumn>
<autoIncrementCycle>false</autoIncrementCycle>
<associations>
<colAssociation fkAssociation="674F99C4-1953-9654-33BC-A1382920501B" referredColumn="15A0A735-16D6-6B3B-8828-E8791A5DA135"/>
</associations>
</Column>
<Column name="project_id" id="32037584-E01C-711E-B94F-BEF13DF65085">
<createdBy>Lahcim</createdBy>
<createdTime>2016-05-18 12:27:26 UTC</createdTime>
<generatorID>B597623E-1E84-0B80-27B5-C3540FB83289</generatorID>
<ownerDesignName>LahStud_Baza</ownerDesignName>
<use>0</use>
<logicalDatatype>LOGDT019</logicalDatatype>
<domain>00C71662-2924-1C01-E411-AC2C45804BE1</domain>
<ownDataTypeParameters>,,</ownDataTypeParameters>
<previousColumn>false</previousColumn>
<autoIncrementCycle>false</autoIncrementCycle>
<associations>
<colAssociation fkAssociation="E0679942-92FF-E7B7-50A3-21A73431ABA2" referredColumn="BAA2AA32-B1FC-B371-D2D7-C28F4331C315"/>
</associations>
</Column>
</columns>
<indexes itemClass="oracle.dbtools.crest.model.design.relational.Index">
<ind_PK_UK id="01BF7B6E-3CAA-D2AE-A730-EBBA68E42CF8" name="Team_PK">
<createdBy>Lahcim</createdBy>
<createdTime>2016-05-18 12:27:26 UTC</createdTime>
<generatorID>C7F949C0-F670-AE23-3527-36AAE2C49D76</generatorID>
<ownerDesignName>LahStud_Baza</ownerDesignName>
<pk>true</pk>
<indexState>Primary Constraint</indexState>
<isSurrogateKey>false</isSurrogateKey>
<indexColumnUsage>
<colUsage columnID="5C45978A-79CF-1BBC-D725-A07E8E90BDA1"/>
</indexColumnUsage>
</ind_PK_UK>
<ind_PK_UK id="D09F8909-DD72-B765-DEAB-967D8CA3C5DB" name="Team__IDX">
<createdBy>Lahcim</createdBy>
<createdTime>2016-05-18 12:27:26 UTC</createdTime>
<ownerDesignName>LahStud_Baza</ownerDesignName>
<indexState>Unique Plain Index</indexState>
<isSurrogateKey>false</isSurrogateKey>
<relationGeneratorID>CF7D927A-8BF4-37AC-8FCA-BC2029AC5EFA</relationGeneratorID>
<indexColumnUsage>
<colUsage columnID="32037584-E01C-711E-B94F-BEF13DF65085"/>
</indexColumnUsage>
</ind_PK_UK>
<ind_PK_UK id="EB6625DC-4775-2F4D-E890-E7FABF7DBE33" name="Team_Dept_FK">
<createdBy>Lahcim</createdBy>
<createdTime>2016-05-18 12:27:26 UTC</createdTime>
<generatorID>427ADD58-8C67-4396-47E4-D2F9EC9E7226</generatorID>
<ownerDesignName>LahStud_Baza</ownerDesignName>
<indexState>Foreign Key</indexState>
<isSurrogateKey>false</isSurrogateKey>
<indexColumnUsage>
<colUsage columnID="DCED05BF-F540-832B-AC04-8C8257774D37"/>
</indexColumnUsage>
</ind_PK_UK>
<ind_PK_UK id="EF446FA8-5E67-3E01-52A2-E817415214BC" name="Team_Project_FK">
<createdBy>Lahcim</createdBy>
<createdTime>2016-05-18 12:27:26 UTC</createdTime>
<generatorID>CF7D927A-8BF4-37AC-8FCA-BC2029AC5EFA</generatorID>
<ownerDesignName>LahStud_Baza</ownerDesignName>
<indexState>Foreign Key</indexState>
<isSurrogateKey>false</isSurrogateKey>
<indexColumnUsage>
<colUsage columnID="32037584-E01C-711E-B94F-BEF13DF65085"/>
</indexColumnUsage>
</ind_PK_UK>
</indexes>
</Table>