<?xml version = '1.0' encoding = 'UTF-8'?>
<Table class="oracle.dbtools.crest.model.design.relational.Table" directorySegmentName="seg_0" id="2EE3752E-24DD-6CFC-C195-9962A180AF4F" name="Emp">
<createdBy>Lahcim</createdBy>
<createdTime>2016-05-18 12:27:26 UTC</createdTime>
<generatorID>A6E1C768-08E5-2C5C-8A2B-4A340E8EABF8</generatorID>
<ownerDesignName>LahStud_Baza</ownerDesignName>
<allowColumnReorder>false</allowColumnReorder>
<existDependencyGenerateInDDl>true</existDependencyGenerateInDDl>
<parsed>true</parsed>
<columns itemClass="oracle.dbtools.crest.model.design.relational.Column">
<Column name="id" id="F9226326-4F02-6310-62CF-770F5DA5267A">
<createdBy>Lahcim</createdBy>
<createdTime>2016-05-18 12:27:26 UTC</createdTime>
<generatorID>6CE5D879-1709-EC7C-B13D-DAFA11BAA0B5</generatorID>
<ownerDesignName>LahStud_Baza</ownerDesignName>
<use>0</use>
<logicalDatatype>LOGDT019</logicalDatatype>
<domain>00C71662-2924-1C01-E411-AC2C45804BE1</domain>
<ownDataTypeParameters>,,</ownDataTypeParameters>
<autoIncrementCycle>false</autoIncrementCycle>
</Column>
<Column name="last_name" id="7A4B1689-01F4-6E33-28B8-46CD2D0A2D40">
<createdBy>Lahcim</createdBy>
<createdTime>2016-05-18 12:27:26 UTC</createdTime>
<generatorID>6FC99B79-A188-8E57-22BD-75B170E9B2AF</generatorID>
<ownerDesignName>LahStud_Baza</ownerDesignName>
<use>0</use>
<logicalDatatype>LOGDT024</logicalDatatype>
<dataTypeSize>30 CHAR</dataTypeSize>
<domain>2478946D-2966-1582-E4DB-BD29E19DEDF7</domain>
<ownDataTypeParameters>30 CHAR,,</ownDataTypeParameters>
<autoIncrementCycle>false</autoIncrementCycle>
</Column>
<Column name="first_name" id="22C2BC0A-0249-C838-F681-E8371319F206">
<createdBy>Lahcim</createdBy>
<createdTime>2016-05-18 12:27:26 UTC</createdTime>
<generatorID>143E2F3E-66AA-4412-3FD2-45A212491EC0</generatorID>
<ownerDesignName>LahStud_Baza</ownerDesignName>
<use>0</use>
<logicalDatatype>LOGDT024</logicalDatatype>
<domain>2478946D-2966-1582-E4DB-BD29E19DEDF7</domain>
<ownDataTypeParameters>,,</ownDataTypeParameters>
<autoIncrementCycle>false</autoIncrementCycle>
</Column>
<Column name="team_id" id="026A3F65-ED9B-551D-5B25-A300AE4160BC">
<createdBy>Lahcim</createdBy>
<createdTime>2016-05-18 12:27:26 UTC</createdTime>
<generatorID>50A2977A-8C8D-195E-018C-B1AB21730CBA</generatorID>
<ownerDesignName>LahStud_Baza</ownerDesignName>
<use>0</use>
<logicalDatatype>LOGDT019</logicalDatatype>
<domain>00C71662-2924-1C01-E411-AC2C45804BE1</domain>
<ownDataTypeParameters>,,</ownDataTypeParameters>
<previousColumn>false</previousColumn>
<autoIncrementCycle>false</autoIncrementCycle>
<associations>
<colAssociation fkAssociation="58BB99B4-1811-AA6B-CDF3-776A45CDCE04" referredColumn="5C45978A-79CF-1BBC-D725-A07E8E90BDA1"/>
</associations>
</Column>
<Column name="title" id="BA7C5B5C-BA2D-2C9C-793E-EF804D36DA8F">
<createdBy>Lahcim</createdBy>
<createdTime>2016-05-18 12:27:26 UTC</createdTime>
<generatorID>E51AFE92-59A9-64D0-FF37-5F37719E36D8</generatorID>
<ownerDesignName>LahStud_Baza</ownerDesignName>
<use>0</use>
<logicalDatatype>LOGDT024</logicalDatatype>
<domain>49E88D77-FEC0-EA8F-ECB0-F084F7FE024F</domain>
<ownDataTypeParameters>,,</ownDataTypeParameters>
<autoIncrementCycle>false</autoIncrementCycle>
</Column>
<Column name="date_started" id="5A0F3D8E-EE2A-C788-03E0-486D7105922F">
<createdBy>Lahcim</createdBy>
<createdTime>2016-05-18 12:27:26 UTC</createdTime>
<generatorID>7C5329BA-8AA4-C0CC-00DA-60D89D8EDBD8</generatorID>
<ownerDesignName>LahStud_Baza</ownerDesignName>
<useDomainConstraints>false</useDomainConstraints>
<use>1</use>
<logicalDatatype>LOGDT007</logicalDatatype>
<ownDataTypeParameters>,,</ownDataTypeParameters>
<autoIncrementCycle>false</autoIncrementCycle>
</Column>
<Column name="salary" id="01C30404-AD88-E32E-BEE4-A79E89B475E4">
<createdBy>Lahcim</createdBy>
<createdTime>2016-05-18 12:27:26 UTC</createdTime>
<generatorID>B82FD732-B933-4816-9867-F4C98FC5A43B</generatorID>
<ownerDesignName>LahStud_Baza</ownerDesignName>
<useDomainConstraints>false</useDomainConstraints>
<use>1</use>
<logicalDatatype>LOGDT019</logicalDatatype>
<dataTypePrecision>11</dataTypePrecision>
<ownDataTypeParameters>,11,</ownDataTypeParameters>
<autoIncrementCycle>false</autoIncrementCycle>
</Column>
<Column name="manager_id" id="527CC973-B9EE-E214-8539-37EDCC0938A2">
<createdBy>Lahcim</createdBy>
<createdTime>2016-05-18 12:27:26 UTC</createdTime>
<generatorID>DFC53799-AF0C-D5B8-8747-4C2B8ABB6DC9</generatorID>
<ownerDesignName>LahStud_Baza</ownerDesignName>
<use>0</use>
<logicalDatatype>LOGDT019</logicalDatatype>
<domain>00C71662-2924-1C01-E411-AC2C45804BE1</domain>
<ownDataTypeParameters>,,</ownDataTypeParameters>
<previousColumn>false</previousColumn>
<autoIncrementCycle>false</autoIncrementCycle>
<associations>
<colAssociation fkAssociation="3FBEF693-65AD-32E4-5D38-C862192D503E" referredColumn="F9226326-4F02-6310-62CF-770F5DA5267A"/>
</associations>
</Column>
</columns>
<indexes itemClass="oracle.dbtools.crest.model.design.relational.Index">
<ind_PK_UK id="D1EEDD4D-7D45-60B5-19D0-E9F98E279F7F" name="Emp_PK">
<createdBy>Lahcim</createdBy>
<createdTime>2016-05-18 12:27:26 UTC</createdTime>
<generatorID>BBD7F9DF-33A2-8FC4-D224-411859419A7E</generatorID>
<ownerDesignName>LahStud_Baza</ownerDesignName>
<pk>true</pk>
<indexState>Primary Constraint</indexState>
<isSurrogateKey>false</isSurrogateKey>
<indexColumnUsage>
<colUsage columnID="F9226326-4F02-6310-62CF-770F5DA5267A"/>
</indexColumnUsage>
</ind_PK_UK>
<ind_PK_UK id="73D8A5DB-54EA-83E7-D020-02AEE83E6A2F" name="Emp_Emp_FK">
<createdBy>Lahcim</createdBy>
<createdTime>2016-05-18 12:27:26 UTC</createdTime>
<generatorID>BAA2FA7B-0DE5-CF6F-533E-4109FED03B1F</generatorID>
<ownerDesignName>LahStud_Baza</ownerDesignName>
<indexState>Foreign Key</indexState>
<isSurrogateKey>false</isSurrogateKey>
<indexColumnUsage>
<colUsage columnID="527CC973-B9EE-E214-8539-37EDCC0938A2"/>
</indexColumnUsage>
</ind_PK_UK>
<ind_PK_UK id="DFFB2CBB-9134-AED6-9C21-09C9A23E3FC8" name="Emp_Team_FK">
<createdBy>Lahcim</createdBy>
<createdTime>2016-05-18 12:27:26 UTC</createdTime>
<generatorID>6342EE0B-75C5-8E8A-59A8-B37F5E6DBCB6</generatorID>
<ownerDesignName>LahStud_Baza</ownerDesignName>
<indexState>Foreign Key</indexState>
<isSurrogateKey>false</isSurrogateKey>
<indexColumnUsage>
<colUsage columnID="026A3F65-ED9B-551D-5B25-A300AE4160BC"/>
</indexColumnUsage>
</ind_PK_UK>
</indexes>
</Table>