<?xml version = '1.0' encoding = 'UTF-8'?>
<Table class="oracle.dbtools.crest.model.design.relational.Table" directorySegmentName="seg_0" id="4570FFE6-22B9-7665-2DC1-8120D5981B26" name="Product">
<createdBy>Lahcim</createdBy>
<createdTime>2016-05-18 12:27:26 UTC</createdTime>
<generatorID>50B9E1F8-E34F-5B57-662C-64BB35D6459C</generatorID>
<ownerDesignName>LahStud_Baza</ownerDesignName>
<allowColumnReorder>false</allowColumnReorder>
<existDependencyGenerateInDDl>true</existDependencyGenerateInDDl>
<parsed>true</parsed>
<columns itemClass="oracle.dbtools.crest.model.design.relational.Column">
<Column name="id" id="0911C83F-46CA-4B77-718E-9AACA00D0255">
<createdBy>Lahcim</createdBy>
<createdTime>2016-05-18 12:27:26 UTC</createdTime>
<generatorID>01C0AB52-2FF5-FC5E-3876-60A497E31949</generatorID>
<ownerDesignName>LahStud_Baza</ownerDesignName>
<use>0</use>
<logicalDatatype>LOGDT019</logicalDatatype>
<domain>00C71662-2924-1C01-E411-AC2C45804BE1</domain>
<ownDataTypeParameters>,,</ownDataTypeParameters>
<autoIncrementCycle>false</autoIncrementCycle>
</Column>
<Column name="name" id="1482E99F-7F36-098F-530A-A0CC55700506">
<createdBy>Lahcim</createdBy>
<createdTime>2016-05-18 12:27:26 UTC</createdTime>
<generatorID>5F459E16-5A2D-2E7C-BDD6-999DC90403B7</generatorID>
<ownerDesignName>LahStud_Baza</ownerDesignName>
<use>0</use>
<logicalDatatype>LOGDT024</logicalDatatype>
<domain>2A497015-7BFF-CE9F-C05B-1AAC7F487904</domain>
<ownDataTypeParameters>,,</ownDataTypeParameters>
<autoIncrementCycle>false</autoIncrementCycle>
</Column>
<Column name="version" id="85CB2132-B65C-757F-1FCF-0EA2B20143D1">
<createdBy>Lahcim</createdBy>
<createdTime>2016-05-18 12:27:26 UTC</createdTime>
<generatorID>E7D108AF-F8C8-280E-96EC-D984C6CB5A83</generatorID>
<ownerDesignName>LahStud_Baza</ownerDesignName>
<useDomainConstraints>false</useDomainConstraints>
<use>1</use>
<logicalDatatype>LOGDT020</logicalDatatype>
<dataTypePrecision>7</dataTypePrecision>
<ownDataTypeParameters>,7,</ownDataTypeParameters>
<autoIncrementCycle>false</autoIncrementCycle>
</Column>
<Column name="date_distributed" id="6F560CD2-A773-4ABF-DCD8-E5A35102AA15">
<createdBy>Lahcim</createdBy>
<createdTime>2016-05-18 12:27:26 UTC</createdTime>
<generatorID>D9B20EEA-FC79-3384-5D97-49F81F8A17D4</generatorID>
<ownerDesignName>LahStud_Baza</ownerDesignName>
<nullsAllowed>true</nullsAllowed>
<useDomainConstraints>false</useDomainConstraints>
<use>1</use>
<logicalDatatype>LOGDT007</logicalDatatype>
<ownDataTypeParameters>,,</ownDataTypeParameters>
<autoIncrementCycle>false</autoIncrementCycle>
</Column>
</columns>
<indexes itemClass="oracle.dbtools.crest.model.design.relational.Index">
<ind_PK_UK id="A815D05D-5003-4119-EC5E-4774B538ECC4" name="Product_PK">
<createdBy>Lahcim</createdBy>
<createdTime>2016-05-18 12:27:26 UTC</createdTime>
<generatorID>933CF815-57AE-47A8-35B4-012F8653838A</generatorID>
<ownerDesignName>LahStud_Baza</ownerDesignName>
<pk>true</pk>
<indexState>Primary Constraint</indexState>
<isSurrogateKey>false</isSurrogateKey>
<indexColumnUsage>
<colUsage columnID="0911C83F-46CA-4B77-718E-9AACA00D0255"/>
</indexColumnUsage>
</ind_PK_UK>
</indexes>
</Table>