<?xml version = '1.0' encoding = 'UTF-8'?>
<Table class="oracle.dbtools.crest.model.design.relational.Table" directorySegmentName="seg_0" id="6AC7E13E-C146-923C-29F9-B8A7A80FF09E" name="Project">
<createdBy>Lahcim</createdBy>
<createdTime>2016-05-18 12:27:26 UTC</createdTime>
<generatorID>DFDEF047-1BB9-9032-0351-FC70DE3DFE53</generatorID>
<ownerDesignName>LahStud_Baza</ownerDesignName>
<allowColumnReorder>false</allowColumnReorder>
<existDependencyGenerateInDDl>true</existDependencyGenerateInDDl>
<parsed>true</parsed>
<columns itemClass="oracle.dbtools.crest.model.design.relational.Column">
<Column name="id" id="BAA2AA32-B1FC-B371-D2D7-C28F4331C315">
<createdBy>Lahcim</createdBy>
<createdTime>2016-05-18 12:27:26 UTC</createdTime>
<generatorID>02EA7AF7-3067-1C54-227E-DF93A50F6946</generatorID>
<ownerDesignName>LahStud_Baza</ownerDesignName>
<use>0</use>
<logicalDatatype>LOGDT019</logicalDatatype>
<domain>00C71662-2924-1C01-E411-AC2C45804BE1</domain>
<ownDataTypeParameters>,,</ownDataTypeParameters>
<autoIncrementCycle>false</autoIncrementCycle>
</Column>
<Column name="team_id" id="723C6482-EAC1-E712-3E5F-ACFC9A2B03CD">
<createdBy>Lahcim</createdBy>
<createdTime>2016-05-18 12:27:26 UTC</createdTime>
<generatorID>5D2CBC69-9590-C9F6-65F2-EEE570B6CC3D</generatorID>
<ownerDesignName>LahStud_Baza</ownerDesignName>
<use>0</use>
<logicalDatatype>LOGDT019</logicalDatatype>
<domain>00C71662-2924-1C01-E411-AC2C45804BE1</domain>
<ownDataTypeParameters>,,</ownDataTypeParameters>
<previousColumn>false</previousColumn>
<autoIncrementCycle>false</autoIncrementCycle>
<associations>
<colAssociation fkAssociation="5F27F74C-2484-1479-FF30-0AA4B640AC3D" referredColumn="5C45978A-79CF-1BBC-D725-A07E8E90BDA1"/>
</associations>
</Column>
<Column name="product_id" id="6D5D50AE-4447-2FC3-9E90-7AAA9BEF3DCC">
<createdBy>Lahcim</createdBy>
<createdTime>2016-05-18 12:27:26 UTC</createdTime>
<generatorID>8AA86D02-5F5D-CC38-C704-5B10E26DD4E7</generatorID>
<ownerDesignName>LahStud_Baza</ownerDesignName>
<use>0</use>
<logicalDatatype>LOGDT019</logicalDatatype>
<domain>00C71662-2924-1C01-E411-AC2C45804BE1</domain>
<ownDataTypeParameters>,,</ownDataTypeParameters>
<previousColumn>false</previousColumn>
<autoIncrementCycle>false</autoIncrementCycle>
<associations>
<colAssociation fkAssociation="89C65DBD-47E5-2420-7705-EB2D33B7F548" referredColumn="0911C83F-46CA-4B77-718E-9AACA00D0255"/>
</associations>
</Column>
<Column name="date_launched" id="7C1D655F-5967-9850-C6B9-37A11582ED04">
<createdBy>Lahcim</createdBy>
<createdTime>2016-05-18 12:27:26 UTC</createdTime>
<generatorID>64CF7C26-C5B0-1A72-1443-F2AE715501D6</generatorID>
<ownerDesignName>LahStud_Baza</ownerDesignName>
<useDomainConstraints>false</useDomainConstraints>
<use>1</use>
<logicalDatatype>LOGDT007</logicalDatatype>
<ownDataTypeParameters>,,</ownDataTypeParameters>
<autoIncrementCycle>false</autoIncrementCycle>
</Column>
<Column name="primary_deadline" id="4DCC04F4-A7A5-4462-9850-6D8E4098FDA9">
<createdBy>Lahcim</createdBy>
<createdTime>2016-05-18 12:27:26 UTC</createdTime>
<generatorID>BDE792E6-5942-317F-7900-A116EEA86C20</generatorID>
<ownerDesignName>LahStud_Baza</ownerDesignName>
<useDomainConstraints>false</useDomainConstraints>
<use>1</use>
<logicalDatatype>LOGDT007</logicalDatatype>
<ownDataTypeParameters>,,</ownDataTypeParameters>
<autoIncrementCycle>false</autoIncrementCycle>
</Column>
<Column name="delay_time" id="4AF66D11-043B-E9C2-C284-37385F3CAB50">
<createdBy>Lahcim</createdBy>
<createdTime>2016-05-18 12:27:26 UTC</createdTime>
<generatorID>7FB1F38E-6DF9-F103-C452-0CA0252495BA</generatorID>
<ownerDesignName>LahStud_Baza</ownerDesignName>
<nullsAllowed>true</nullsAllowed>
<useDomainConstraints>false</useDomainConstraints>
<use>1</use>
<logicalDatatype>LOGDT014</logicalDatatype>
<ownDataTypeParameters>,,</ownDataTypeParameters>
<autoIncrementCycle>false</autoIncrementCycle>
</Column>
<Column name="date_finished" id="9F84AEF9-1A89-1C80-119D-18E9D9B7B195">
<createdBy>Lahcim</createdBy>
<createdTime>2016-05-18 12:27:26 UTC</createdTime>
<generatorID>2431BCEE-44D7-BA04-F826-2192EC4605FD</generatorID>
<ownerDesignName>LahStud_Baza</ownerDesignName>
<nullsAllowed>true</nullsAllowed>
<useDomainConstraints>false</useDomainConstraints>
<use>1</use>
<logicalDatatype>LOGDT007</logicalDatatype>
<ownDataTypeParameters>,,</ownDataTypeParameters>
<autoIncrementCycle>false</autoIncrementCycle>
</Column>
</columns>
<indexes itemClass="oracle.dbtools.crest.model.design.relational.Index">
<ind_PK_UK id="47C8483B-0C6C-DA66-9E23-342DD7BCA9FE" name="Project_PK">
<createdBy>Lahcim</createdBy>
<createdTime>2016-05-18 12:27:26 UTC</createdTime>
<generatorID>4A5BB489-9D25-920E-EE7F-FCCF4D0CA642</generatorID>
<ownerDesignName>LahStud_Baza</ownerDesignName>
<pk>true</pk>
<indexState>Primary Constraint</indexState>
<isSurrogateKey>false</isSurrogateKey>
<indexColumnUsage>
<colUsage columnID="BAA2AA32-B1FC-B371-D2D7-C28F4331C315"/>
</indexColumnUsage>
</ind_PK_UK>
<ind_PK_UK id="EBF7D593-B867-D574-789D-E0EB1E1EB7D6" name="Project__IDX">
<createdBy>Lahcim</createdBy>
<createdTime>2016-05-18 12:27:26 UTC</createdTime>
<ownerDesignName>LahStud_Baza</ownerDesignName>
<indexState>Unique Plain Index</indexState>
<isSurrogateKey>false</isSurrogateKey>
<relationGeneratorID>DF8D2858-3DCC-8F75-CFA7-1A414A83432C</relationGeneratorID>
<indexColumnUsage>
<colUsage columnID="723C6482-EAC1-E712-3E5F-ACFC9A2B03CD"/>
</indexColumnUsage>
</ind_PK_UK>
<ind_PK_UK id="4B8AFC53-8A5B-4BBB-1252-338C459D8949" name="Project_Team_FK">
<createdBy>Lahcim</createdBy>
<createdTime>2016-05-18 12:27:26 UTC</createdTime>
<generatorID>DF8D2858-3DCC-8F75-CFA7-1A414A83432C</generatorID>
<ownerDesignName>LahStud_Baza</ownerDesignName>
<indexState>Foreign Key</indexState>
<isSurrogateKey>false</isSurrogateKey>
<indexColumnUsage>
<colUsage columnID="723C6482-EAC1-E712-3E5F-ACFC9A2B03CD"/>
</indexColumnUsage>
</ind_PK_UK>
<ind_PK_UK id="5B3BCD23-4256-B1C9-2DC1-89D6D2BE2815" name="Project_Product_FK">
<createdBy>Lahcim</createdBy>
<createdTime>2016-05-18 12:27:26 UTC</createdTime>
<generatorID>630410F1-109C-9E92-ECC3-3FCAE38A8D3C</generatorID>
<ownerDesignName>LahStud_Baza</ownerDesignName>
<indexState>Foreign Key</indexState>
<isSurrogateKey>false</isSurrogateKey>
<indexColumnUsage>
<colUsage columnID="6D5D50AE-4447-2FC3-9E90-7AAA9BEF3DCC"/>
</indexColumnUsage>
</ind_PK_UK>
</indexes>
</Table>