<?xml version = '1.0' encoding = 'UTF-8'?>
<Table class="oracle.dbtools.crest.model.design.relational.Table" directorySegmentName="seg_0" id="A4957FA7-54FA-B2EC-17A0-30EC5136D129" name="Dept">
<createdBy>Lahcim</createdBy>
<createdTime>2016-05-18 12:27:25 UTC</createdTime>
<generatorID>91543564-7B1E-A862-ABFB-9065B2AFEEA0</generatorID>
<ownerDesignName>LahStud_Baza</ownerDesignName>
<allowColumnReorder>false</allowColumnReorder>
<existDependencyGenerateInDDl>true</existDependencyGenerateInDDl>
<parsed>true</parsed>
<columns itemClass="oracle.dbtools.crest.model.design.relational.Column">
<Column name="id" id="15A0A735-16D6-6B3B-8828-E8791A5DA135">
<createdBy>Lahcim</createdBy>
<createdTime>2016-05-18 12:27:26 UTC</createdTime>
<generatorID>CCE95364-804A-249F-BD10-C6861323E706</generatorID>
<ownerDesignName>LahStud_Baza</ownerDesignName>
<use>0</use>
<logicalDatatype>LOGDT019</logicalDatatype>
<domain>00C71662-2924-1C01-E411-AC2C45804BE1</domain>
<ownDataTypeParameters>,,</ownDataTypeParameters>
<autoIncrementCycle>false</autoIncrementCycle>
</Column>
<Column name="name" id="10E75AE9-888F-1301-A418-3CBEA0792EDF">
<createdBy>Lahcim</createdBy>
<createdTime>2016-05-18 12:27:26 UTC</createdTime>
<generatorID>BA7490DB-F5AF-4ADD-5831-C58F0E2FC27D</generatorID>
<ownerDesignName>LahStud_Baza</ownerDesignName>
<use>0</use>
<logicalDatatype>LOGDT024</logicalDatatype>
<domain>2A497015-7BFF-CE9F-C05B-1AAC7F487904</domain>
<ownDataTypeParameters>,,</ownDataTypeParameters>
<autoIncrementCycle>false</autoIncrementCycle>
</Column>
<Column name="manager_id" id="25D49FBD-1DA1-E803-3B21-6B627FD4C63C">
<createdBy>Lahcim</createdBy>
<createdTime>2016-05-18 12:27:26 UTC</createdTime>
<generatorID>6FF27FD6-496D-12B7-4A9C-C9BB09869D04</generatorID>
<ownerDesignName>LahStud_Baza</ownerDesignName>
<use>0</use>
<logicalDatatype>LOGDT019</logicalDatatype>
<domain>00C71662-2924-1C01-E411-AC2C45804BE1</domain>
<ownDataTypeParameters>,,</ownDataTypeParameters>
<previousColumn>false</previousColumn>
<autoIncrementCycle>false</autoIncrementCycle>
<associations>
<colAssociation fkAssociation="3CDA1912-33EE-2CA4-AAA8-BDB822EF1D26" referredColumn="F9226326-4F02-6310-62CF-770F5DA5267A"/>
</associations>
</Column>
</columns>
<indexes itemClass="oracle.dbtools.crest.model.design.relational.Index">
<ind_PK_UK id="4A5E7B5C-E1A1-3145-EAF8-E3167F70A29D" name="Dept_PK">
<createdBy>Lahcim</createdBy>
<createdTime>2016-05-18 12:27:26 UTC</createdTime>
<generatorID>CA45321C-B876-7EC3-E616-292EBAF8EE1B</generatorID>
<ownerDesignName>LahStud_Baza</ownerDesignName>
<pk>true</pk>
<indexState>Primary Constraint</indexState>
<isSurrogateKey>false</isSurrogateKey>
<indexColumnUsage>
<colUsage columnID="15A0A735-16D6-6B3B-8828-E8791A5DA135"/>
</indexColumnUsage>
</ind_PK_UK>
<ind_PK_UK id="28133AD7-5922-AC19-94EF-CA49ABB4D50C" name="Dept__IDX">
<createdBy>Lahcim</createdBy>
<createdTime>2016-05-18 12:27:26 UTC</createdTime>
<ownerDesignName>LahStud_Baza</ownerDesignName>
<indexState>Unique Plain Index</indexState>
<isSurrogateKey>false</isSurrogateKey>
<relationGeneratorID>60C4926D-6CAC-BC30-60C1-F949D7EB28E3</relationGeneratorID>
<indexColumnUsage>
<colUsage columnID="25D49FBD-1DA1-E803-3B21-6B627FD4C63C"/>
</indexColumnUsage>
</ind_PK_UK>
<ind_PK_UK id="99BE7586-7EE3-CBB3-6A1A-AE27EF89AF08" name="Dept_Emp_FK">
<createdBy>Lahcim</createdBy>
<createdTime>2016-05-18 12:27:26 UTC</createdTime>
<generatorID>60C4926D-6CAC-BC30-60C1-F949D7EB28E3</generatorID>
<ownerDesignName>LahStud_Baza</ownerDesignName>
<indexState>Foreign Key</indexState>
<isSurrogateKey>false</isSurrogateKey>
<indexColumnUsage>
<colUsage columnID="25D49FBD-1DA1-E803-3B21-6B627FD4C63C"/>
</indexColumnUsage>
</ind_PK_UK>
</indexes>
</Table>