<?xml version = '1.0' encoding = 'UTF-8'?>
<Entity class="oracle.dbtools.crest.model.design.logical.Entity" directorySegmentName="seg_0" id="91543564-7B1E-A862-ABFB-9065B2AFEEA0" name="Dept">
<createdBy>Lahcim</createdBy>
<createdTime>2016-05-18 10:59:52 UTC</createdTime>
<ownerDesignName>LahStud_Baza</ownerDesignName>
<engineerTo>
<item key="20A7915D-07E7-2822-A7CC-9DF8920D9921" value="true"/>
</engineerTo>
<adequatelyNormalized>NO</adequatelyNormalized>
<expectedVolumes>0</expectedVolumes>
<fwdEngineeringStrategyName>Single Table</fwdEngineeringStrategyName>
<growthPercent>0</growthPercent>
<growthType>Year</growthType>
<maxVolumes>9999999</maxVolumes>
<minVolumes>0</minVolumes>
<normalForm>Third</normalForm>
<attributes itemClass="oracle.dbtools.crest.model.design.logical.Attribute">
<Attribute name="id" id="CCE95364-804A-249F-BD10-C6861323E706">
<createdBy>Lahcim</createdBy>
<createdTime>2016-05-18 10:59:57 UTC</createdTime>
<ownerDesignName>LahStud_Baza</ownerDesignName>
<engineerTo>
<item key="20A7915D-07E7-2822-A7CC-9DF8920D9921" value="true"/>
</engineerTo>
<use>0</use>
<logicalDatatype>LOGDT019</logicalDatatype>
<domain>00C71662-2924-1C01-E411-AC2C45804BE1</domain>
<ownDataTypeParameters>,,</ownDataTypeParameters>
</Attribute>
<Attribute name="name" id="BA7490DB-F5AF-4ADD-5831-C58F0E2FC27D">
<createdBy>Lahcim</createdBy>
<createdTime>2016-05-18 11:00:07 UTC</createdTime>
<ownerDesignName>LahStud_Baza</ownerDesignName>
<engineerTo>
<item key="20A7915D-07E7-2822-A7CC-9DF8920D9921" value="true"/>
</engineerTo>
<use>0</use>
<logicalDatatype>LOGDT024</logicalDatatype>
<domain>2A497015-7BFF-CE9F-C05B-1AAC7F487904</domain>
<ownDataTypeParameters>,,</ownDataTypeParameters>
</Attribute>
<Attribute name="manager_id" id="6FF27FD6-496D-12B7-4A9C-C9BB09869D04">
<createdBy>Lahcim</createdBy>
<createdTime>2016-05-18 12:22:02 UTC</createdTime>
<generatorID>60C4926D-6CAC-BC30-60C1-F949D7EB28E3</generatorID>
<ownerDesignName>LahStud_Baza</ownerDesignName>
<engineerTo>
<item key="20A7915D-07E7-2822-A7CC-9DF8920D9921" value="true"/>
</engineerTo>
<referedAttribute>6CE5D879-1709-EC7C-B13D-DAFA11BAA0B5</referedAttribute>
<use>0</use>
<logicalDatatype>LOGDT019</logicalDatatype>
<domain>00C71662-2924-1C01-E411-AC2C45804BE1</domain>
<ownDataTypeParameters>,,</ownDataTypeParameters>
</Attribute>
</attributes>
<identifiers itemClass="oracle.dbtools.crest.model.design.logical.CandidateKey">
<identifier id="CA45321C-B876-7EC3-E616-292EBAF8EE1B" name="Dept PK">
<createdBy>Lahcim</createdBy>
<createdTime>2016-05-18 11:00:05 UTC</createdTime>
<ownerDesignName>LahStud_Baza</ownerDesignName>
<engineerTo>
<item key="20A7915D-07E7-2822-A7CC-9DF8920D9921" value="true"/>
</engineerTo>
<pk>true</pk>
<usedAttributes>
<attributeRef>CCE95364-804A-249F-BD10-C6861323E706</attributeRef>
</usedAttributes>
</identifier>
</identifiers>
</Entity>