<?xml version = '1.0' encoding = 'UTF-8'?>
<Entity class="oracle.dbtools.crest.model.design.logical.Entity" directorySegmentName="seg_0" id="A6E1C768-08E5-2C5C-8A2B-4A340E8EABF8" name="Emp">
<createdBy>Lahcim</createdBy>
<createdTime>2016-05-18 10:45:45 UTC</createdTime>
<ownerDesignName>LahStud_Baza</ownerDesignName>
<engineerTo>
<item key="20A7915D-07E7-2822-A7CC-9DF8920D9921" value="true"/>
</engineerTo>
<adequatelyNormalized>NO</adequatelyNormalized>
<expectedVolumes>0</expectedVolumes>
<fwdEngineeringStrategyName>Single Table</fwdEngineeringStrategyName>
<growthPercent>0</growthPercent>
<growthType>Year</growthType>
<maxVolumes>9999999</maxVolumes>
<minVolumes>0</minVolumes>
<normalForm>Third</normalForm>
<attributes itemClass="oracle.dbtools.crest.model.design.logical.Attribute">
<Attribute name="id" id="6CE5D879-1709-EC7C-B13D-DAFA11BAA0B5">
<createdBy>Lahcim</createdBy>
<createdTime>2016-05-18 10:45:57 UTC</createdTime>
<ownerDesignName>LahStud_Baza</ownerDesignName>
<engineerTo>
<item key="20A7915D-07E7-2822-A7CC-9DF8920D9921" value="true"/>
</engineerTo>
<use>0</use>
<logicalDatatype>LOGDT019</logicalDatatype>
<domain>00C71662-2924-1C01-E411-AC2C45804BE1</domain>
<ownDataTypeParameters>,,</ownDataTypeParameters>
</Attribute>
<Attribute name="last_name" id="6FC99B79-A188-8E57-22BD-75B170E9B2AF">
<createdBy>Lahcim</createdBy>
<createdTime>2016-05-18 10:46:53 UTC</createdTime>
<ownerDesignName>LahStud_Baza</ownerDesignName>
<engineerTo>
<item key="20A7915D-07E7-2822-A7CC-9DF8920D9921" value="true"/>
</engineerTo>
<use>0</use>
<logicalDatatype>LOGDT024</logicalDatatype>
<dataTypeSize>30 CHAR</dataTypeSize>
<domain>2478946D-2966-1582-E4DB-BD29E19DEDF7</domain>
<ownDataTypeParameters>30 CHAR,,</ownDataTypeParameters>
</Attribute>
<Attribute name="first_name" id="143E2F3E-66AA-4412-3FD2-45A212491EC0">
<createdBy>Lahcim</createdBy>
<createdTime>2016-05-18 10:47:18 UTC</createdTime>
<ownerDesignName>LahStud_Baza</ownerDesignName>
<engineerTo>
<item key="20A7915D-07E7-2822-A7CC-9DF8920D9921" value="true"/>
</engineerTo>
<use>0</use>
<logicalDatatype>LOGDT024</logicalDatatype>
<domain>2478946D-2966-1582-E4DB-BD29E19DEDF7</domain>
<ownDataTypeParameters>,,</ownDataTypeParameters>
</Attribute>
<Attribute name="team_id" id="50A2977A-8C8D-195E-018C-B1AB21730CBA">
<createdBy>Lahcim</createdBy>
<createdTime>2016-05-18 11:25:01 UTC</createdTime>
<generatorID>6342EE0B-75C5-8E8A-59A8-B37F5E6DBCB6</generatorID>
<ownerDesignName>LahStud_Baza</ownerDesignName>
<engineerTo>
<item key="20A7915D-07E7-2822-A7CC-9DF8920D9921" value="true"/>
</engineerTo>
<referedAttribute>E76D797D-1A2C-3D87-D7A6-741342291304</referedAttribute>
<use>0</use>
<logicalDatatype>LOGDT019</logicalDatatype>
<domain>00C71662-2924-1C01-E411-AC2C45804BE1</domain>
<ownDataTypeParameters>,,</ownDataTypeParameters>
</Attribute>
<Attribute name="title" id="E51AFE92-59A9-64D0-FF37-5F37719E36D8">
<createdBy>Lahcim</createdBy>
<createdTime>2016-05-18 10:57:32 UTC</createdTime>
<ownerDesignName>LahStud_Baza</ownerDesignName>
<engineerTo>
<item key="20A7915D-07E7-2822-A7CC-9DF8920D9921" value="true"/>
</engineerTo>
<use>0</use>
<logicalDatatype>LOGDT024</logicalDatatype>
<domain>49E88D77-FEC0-EA8F-ECB0-F084F7FE024F</domain>
<ownDataTypeParameters>,,</ownDataTypeParameters>
</Attribute>
<Attribute name="date_started" id="7C5329BA-8AA4-C0CC-00DA-60D89D8EDBD8">
<createdBy>Lahcim</createdBy>
<createdTime>2016-05-18 10:58:16 UTC</createdTime>
<ownerDesignName>LahStud_Baza</ownerDesignName>
<engineerTo>
<item key="20A7915D-07E7-2822-A7CC-9DF8920D9921" value="true"/>
</engineerTo>
<useDomainConstraints>false</useDomainConstraints>
<use>1</use>
<logicalDatatype>LOGDT007</logicalDatatype>
<ownDataTypeParameters>,,</ownDataTypeParameters>
</Attribute>
<Attribute name="salary" id="B82FD732-B933-4816-9867-F4C98FC5A43B">
<createdBy>Lahcim</createdBy>
<createdTime>2016-05-18 10:58:33 UTC</createdTime>
<ownerDesignName>LahStud_Baza</ownerDesignName>
<engineerTo>
<item key="20A7915D-07E7-2822-A7CC-9DF8920D9921" value="true"/>
</engineerTo>
<useDomainConstraints>false</useDomainConstraints>
<use>1</use>
<logicalDatatype>LOGDT019</logicalDatatype>
<dataTypePrecision>11</dataTypePrecision>
<ownDataTypeParameters>,11,</ownDataTypeParameters>
</Attribute>
<Attribute name="manager_id" id="DFC53799-AF0C-D5B8-8747-4C2B8ABB6DC9">
<createdBy>Lahcim</createdBy>
<createdTime>2016-05-18 12:05:08 UTC</createdTime>
<generatorID>BAA2FA7B-0DE5-CF6F-533E-4109FED03B1F</generatorID>
<ownerDesignName>LahStud_Baza</ownerDesignName>
<engineerTo>
<item key="20A7915D-07E7-2822-A7CC-9DF8920D9921" value="true"/>
</engineerTo>
<nullsAllowed>true</nullsAllowed>
<referedAttribute>6CE5D879-1709-EC7C-B13D-DAFA11BAA0B5</referedAttribute>
<use>0</use>
<logicalDatatype>LOGDT019</logicalDatatype>
<domain>00C71662-2924-1C01-E411-AC2C45804BE1</domain>
<ownDataTypeParameters>,,</ownDataTypeParameters>
</Attribute>
</attributes>
<identifiers itemClass="oracle.dbtools.crest.model.design.logical.CandidateKey">
<identifier id="BBD7F9DF-33A2-8FC4-D224-411859419A7E" name="Emp PK">
<createdBy>Lahcim</createdBy>
<createdTime>2016-05-18 10:46:34 UTC</createdTime>
<ownerDesignName>LahStud_Baza</ownerDesignName>
<engineerTo>
<item key="20A7915D-07E7-2822-A7CC-9DF8920D9921" value="true"/>
</engineerTo>
<pk>true</pk>
<usedAttributes>
<attributeRef>6CE5D879-1709-EC7C-B13D-DAFA11BAA0B5</attributeRef>
</usedAttributes>
</identifier>
</identifiers>
</Entity>