<?xml version = '1.0' encoding = 'UTF-8'?>
<Entity class="oracle.dbtools.crest.model.design.logical.Entity" directorySegmentName="seg_0" id="DFDEF047-1BB9-9032-0351-FC70DE3DFE53" name="Project">
<createdBy>Lahcim</createdBy>
<createdTime>2016-05-18 11:02:18 UTC</createdTime>
<ownerDesignName>LahStud_Baza</ownerDesignName>
<engineerTo>
<item key="20A7915D-07E7-2822-A7CC-9DF8920D9921" value="true"/>
</engineerTo>
<adequatelyNormalized>NO</adequatelyNormalized>
<expectedVolumes>0</expectedVolumes>
<fwdEngineeringStrategyName>Single Table</fwdEngineeringStrategyName>
<growthPercent>0</growthPercent>
<growthType>Year</growthType>
<maxVolumes>9999999</maxVolumes>
<minVolumes>0</minVolumes>
<normalForm>Third</normalForm>
<attributes itemClass="oracle.dbtools.crest.model.design.logical.Attribute">
<Attribute name="id" id="02EA7AF7-3067-1C54-227E-DF93A50F6946">
<createdBy>Lahcim</createdBy>
<createdTime>2016-05-18 11:02:35 UTC</createdTime>
<ownerDesignName>LahStud_Baza</ownerDesignName>
<engineerTo>
<item key="20A7915D-07E7-2822-A7CC-9DF8920D9921" value="true"/>
</engineerTo>
<use>0</use>
<logicalDatatype>LOGDT019</logicalDatatype>
<domain>00C71662-2924-1C01-E411-AC2C45804BE1</domain>
<ownDataTypeParameters>,,</ownDataTypeParameters>
</Attribute>
<Attribute name="team_id" id="5D2CBC69-9590-C9F6-65F2-EEE570B6CC3D">
<createdBy>Lahcim</createdBy>
<createdTime>2016-05-18 11:32:00 UTC</createdTime>
<generatorID>DF8D2858-3DCC-8F75-CFA7-1A414A83432C</generatorID>
<ownerDesignName>LahStud_Baza</ownerDesignName>
<engineerTo>
<item key="20A7915D-07E7-2822-A7CC-9DF8920D9921" value="true"/>
</engineerTo>
<referedAttribute>E76D797D-1A2C-3D87-D7A6-741342291304</referedAttribute>
<use>0</use>
<logicalDatatype>LOGDT019</logicalDatatype>
<domain>00C71662-2924-1C01-E411-AC2C45804BE1</domain>
<ownDataTypeParameters>,,</ownDataTypeParameters>
</Attribute>
<Attribute name="product_id" id="8AA86D02-5F5D-CC38-C704-5B10E26DD4E7">
<createdBy>Lahcim</createdBy>
<createdTime>2016-05-18 11:56:54 UTC</createdTime>
<generatorID>630410F1-109C-9E92-ECC3-3FCAE38A8D3C</generatorID>
<ownerDesignName>LahStud_Baza</ownerDesignName>
<engineerTo>
<item key="20A7915D-07E7-2822-A7CC-9DF8920D9921" value="true"/>
</engineerTo>
<referedAttribute>01C0AB52-2FF5-FC5E-3876-60A497E31949</referedAttribute>
<use>0</use>
<logicalDatatype>LOGDT019</logicalDatatype>
<domain>00C71662-2924-1C01-E411-AC2C45804BE1</domain>
<ownDataTypeParameters>,,</ownDataTypeParameters>
</Attribute>
<Attribute name="date_launched" id="64CF7C26-C5B0-1A72-1443-F2AE715501D6">
<createdBy>Lahcim</createdBy>
<createdTime>2016-05-18 11:03:16 UTC</createdTime>
<ownerDesignName>LahStud_Baza</ownerDesignName>
<engineerTo>
<item key="20A7915D-07E7-2822-A7CC-9DF8920D9921" value="true"/>
</engineerTo>
<useDomainConstraints>false</useDomainConstraints>
<use>1</use>
<logicalDatatype>LOGDT007</logicalDatatype>
<ownDataTypeParameters>,,</ownDataTypeParameters>
</Attribute>
<Attribute name="primary_deadline" id="BDE792E6-5942-317F-7900-A116EEA86C20">
<createdBy>Lahcim</createdBy>
<createdTime>2016-05-18 11:03:38 UTC</createdTime>
<ownerDesignName>LahStud_Baza</ownerDesignName>
<engineerTo>
<item key="20A7915D-07E7-2822-A7CC-9DF8920D9921" value="true"/>
</engineerTo>
<useDomainConstraints>false</useDomainConstraints>
<use>1</use>
<logicalDatatype>LOGDT007</logicalDatatype>
<ownDataTypeParameters>,,</ownDataTypeParameters>
</Attribute>
<Attribute name="delay_time" id="7FB1F38E-6DF9-F103-C452-0CA0252495BA">
<createdBy>Lahcim</createdBy>
<createdTime>2016-05-18 11:04:14 UTC</createdTime>
<ownerDesignName>LahStud_Baza</ownerDesignName>
<engineerTo>
<item key="20A7915D-07E7-2822-A7CC-9DF8920D9921" value="true"/>
</engineerTo>
<nullsAllowed>true</nullsAllowed>
<useDomainConstraints>false</useDomainConstraints>
<use>1</use>
<logicalDatatype>LOGDT014</logicalDatatype>
<ownDataTypeParameters>,,</ownDataTypeParameters>
</Attribute>
<Attribute name="date_finished" id="2431BCEE-44D7-BA04-F826-2192EC4605FD">
<createdBy>Lahcim</createdBy>
<createdTime>2016-05-18 11:05:59 UTC</createdTime>
<ownerDesignName>LahStud_Baza</ownerDesignName>
<engineerTo>
<item key="20A7915D-07E7-2822-A7CC-9DF8920D9921" value="true"/>
</engineerTo>
<nullsAllowed>true</nullsAllowed>
<useDomainConstraints>false</useDomainConstraints>
<use>1</use>
<logicalDatatype>LOGDT007</logicalDatatype>
<ownDataTypeParameters>,,</ownDataTypeParameters>
</Attribute>
</attributes>
<identifiers itemClass="oracle.dbtools.crest.model.design.logical.CandidateKey">
<identifier id="4A5BB489-9D25-920E-EE7F-FCCF4D0CA642" name="Project PK">
<createdBy>Lahcim</createdBy>
<createdTime>2016-05-18 11:02:40 UTC</createdTime>
<ownerDesignName>LahStud_Baza</ownerDesignName>
<engineerTo>
<item key="20A7915D-07E7-2822-A7CC-9DF8920D9921" value="true"/>
</engineerTo>
<pk>true</pk>
<usedAttributes>
<attributeRef>02EA7AF7-3067-1C54-227E-DF93A50F6946</attributeRef>
</usedAttributes>
</identifier>
</identifiers>
</Entity>