<?xml version = '1.0' encoding = 'UTF-8'?>
<Entity class="oracle.dbtools.crest.model.design.logical.Entity" directorySegmentName="seg_0" id="ECB1F665-6E08-414F-A79D-3D118B3B4F30" name="Team">
<createdBy>Lahcim</createdBy>
<createdTime>2016-05-18 11:00:58 UTC</createdTime>
<ownerDesignName>LahStud_Baza</ownerDesignName>
<engineerTo>
<item key="20A7915D-07E7-2822-A7CC-9DF8920D9921" value="true"/>
</engineerTo>
<adequatelyNormalized>NO</adequatelyNormalized>
<expectedVolumes>0</expectedVolumes>
<fwdEngineeringStrategyName>Single Table</fwdEngineeringStrategyName>
<growthPercent>0</growthPercent>
<growthType>Year</growthType>
<maxVolumes>9999999</maxVolumes>
<minVolumes>0</minVolumes>
<normalForm>Third</normalForm>
<attributes itemClass="oracle.dbtools.crest.model.design.logical.Attribute">
<Attribute name="id" id="E76D797D-1A2C-3D87-D7A6-741342291304">
<createdBy>Lahcim</createdBy>
<createdTime>2016-05-18 11:01:06 UTC</createdTime>
<ownerDesignName>LahStud_Baza</ownerDesignName>
<engineerTo>
<item key="20A7915D-07E7-2822-A7CC-9DF8920D9921" value="true"/>
</engineerTo>
<use>0</use>
<logicalDatatype>LOGDT019</logicalDatatype>
<domain>00C71662-2924-1C01-E411-AC2C45804BE1</domain>
<ownDataTypeParameters>,,</ownDataTypeParameters>
</Attribute>
<Attribute name="dept_id" id="FE37F98E-A4F2-BFE3-4A67-511B16B06353">
<createdBy>Lahcim</createdBy>
<createdTime>2016-05-18 11:27:06 UTC</createdTime>
<generatorID>427ADD58-8C67-4396-47E4-D2F9EC9E7226</generatorID>
<ownerDesignName>LahStud_Baza</ownerDesignName>
<engineerTo>
<item key="20A7915D-07E7-2822-A7CC-9DF8920D9921" value="true"/>
</engineerTo>
<referedAttribute>CCE95364-804A-249F-BD10-C6861323E706</referedAttribute>
<use>0</use>
<logicalDatatype>LOGDT019</logicalDatatype>
<domain>00C71662-2924-1C01-E411-AC2C45804BE1</domain>
<ownDataTypeParameters>,,</ownDataTypeParameters>
</Attribute>
<Attribute name="project_id" id="B597623E-1E84-0B80-27B5-C3540FB83289">
<createdBy>Lahcim</createdBy>
<createdTime>2016-05-18 11:30:11 UTC</createdTime>
<generatorID>CF7D927A-8BF4-37AC-8FCA-BC2029AC5EFA</generatorID>
<ownerDesignName>LahStud_Baza</ownerDesignName>
<engineerTo>
<item key="20A7915D-07E7-2822-A7CC-9DF8920D9921" value="true"/>
</engineerTo>
<referedAttribute>02EA7AF7-3067-1C54-227E-DF93A50F6946</referedAttribute>
<use>0</use>
<logicalDatatype>LOGDT019</logicalDatatype>
<domain>00C71662-2924-1C01-E411-AC2C45804BE1</domain>
<ownDataTypeParameters>,,</ownDataTypeParameters>
</Attribute>
</attributes>
<identifiers itemClass="oracle.dbtools.crest.model.design.logical.CandidateKey">
<identifier id="C7F949C0-F670-AE23-3527-36AAE2C49D76" name="Team PK">
<createdBy>Lahcim</createdBy>
<createdTime>2016-05-18 11:01:10 UTC</createdTime>
<ownerDesignName>LahStud_Baza</ownerDesignName>
<engineerTo>
<item key="20A7915D-07E7-2822-A7CC-9DF8920D9921" value="true"/>
</engineerTo>
<pk>true</pk>
<usedAttributes>
<attributeRef>E76D797D-1A2C-3D87-D7A6-741342291304</attributeRef>
</usedAttributes>
</identifier>
</identifiers>
</Entity>