<?xml version = '1.0' encoding = 'UTF-8'?>
<Entity class="oracle.dbtools.crest.model.design.logical.Entity" directorySegmentName="seg_0" id="F50EE12D-0C53-8981-7285-630E4C1729C5" name="Team">
<createdBy>Lahcim</createdBy>
<createdTime>2016-05-18 13:04:04 UTC</createdTime>
<ownerDesignName>LahStud_Baza</ownerDesignName>
<importedID>ECB1F665-6E08-414F-A79D-3D118B3B4F30</importedID>
<engineerTo>
<item key="D466DE1F-81ED-D43D-233D-DEE6704EF09E" value="true"/>
</engineerTo>
<adequatelyNormalized>NO</adequatelyNormalized>
<expectedVolumes>0</expectedVolumes>
<fwdEngineeringStrategyName>Single Table</fwdEngineeringStrategyName>
<growthPercent>0</growthPercent>
<growthType>Year</growthType>
<maxVolumes>9999999</maxVolumes>
<minVolumes>0</minVolumes>
<normalForm>Third</normalForm>
<attributes itemClass="oracle.dbtools.crest.model.design.logical.Attribute">
<Attribute name="id" id="DE80B2CE-8B81-97F4-ADE0-1B45488D9819">
<createdBy>Lahcim</createdBy>
<createdTime>2016-05-18 13:04:04 UTC</createdTime>
<ownerDesignName>LahStud_Baza</ownerDesignName>
<importedID>E76D797D-1A2C-3D87-D7A6-741342291304</importedID>
<engineerTo>
<item key="D466DE1F-81ED-D43D-233D-DEE6704EF09E" value="true"/>
</engineerTo>
<use>0</use>
<logicalDatatype>LOGDT019</logicalDatatype>
<domain>00C71662-2924-1C01-E411-AC2C45804BE1</domain>
<ownDataTypeParameters>,,</ownDataTypeParameters>
</Attribute>
<Attribute name="dept_id" id="81266FA5-1423-1882-E908-74987EFC2DA9">
<createdBy>Lahcim</createdBy>
<createdTime>2016-05-18 13:04:04 UTC</createdTime>
<generatorID>094734C1-6193-1EF3-D94E-4BF09ECFD7B0</generatorID>
<ownerDesignName>LahStud_Baza</ownerDesignName>
<importedID>FE37F98E-A4F2-BFE3-4A67-511B16B06353</importedID>
<engineerTo>
<item key="D466DE1F-81ED-D43D-233D-DEE6704EF09E" value="true"/>
</engineerTo>
<referedAttribute>C48BA21D-818E-8912-058C-452E89FC038E</referedAttribute>
<use>0</use>
<logicalDatatype>LOGDT019</logicalDatatype>
<domain>00C71662-2924-1C01-E411-AC2C45804BE1</domain>
<ownDataTypeParameters>,,</ownDataTypeParameters>
</Attribute>
<Attribute name="project_id" id="B7791737-B898-4754-DB0A-C0F2003142DB">
<createdBy>Lahcim</createdBy>
<createdTime>2016-05-18 13:04:04 UTC</createdTime>
<generatorID>93BFBDDC-D57C-0C82-9542-1015D9F5A0D8</generatorID>
<ownerDesignName>LahStud_Baza</ownerDesignName>
<importedID>B597623E-1E84-0B80-27B5-C3540FB83289</importedID>
<engineerTo>
<item key="D466DE1F-81ED-D43D-233D-DEE6704EF09E" value="true"/>
</engineerTo>
<referedAttribute>AB6E78A7-5B7D-D577-4DCC-8740457C2F77</referedAttribute>
<use>0</use>
<logicalDatatype>LOGDT019</logicalDatatype>
<domain>00C71662-2924-1C01-E411-AC2C45804BE1</domain>
<ownDataTypeParameters>,,</ownDataTypeParameters>
</Attribute>
</attributes>
<identifiers itemClass="oracle.dbtools.crest.model.design.logical.CandidateKey">
<identifier id="4D892121-1799-52B4-C0BD-B42227B8D3C2" name="Team PK">
<createdBy>Lahcim</createdBy>
<createdTime>2016-05-18 13:04:04 UTC</createdTime>
<ownerDesignName>LahStud_Baza</ownerDesignName>
<importedID>C7F949C0-F670-AE23-3527-36AAE2C49D76</importedID>
<engineerTo>
<item key="D466DE1F-81ED-D43D-233D-DEE6704EF09E" value="true"/>
</engineerTo>
<pk>true</pk>
<usedAttributes>
<attributeRef>DE80B2CE-8B81-97F4-ADE0-1B45488D9819</attributeRef>
</usedAttributes>
</identifier>
</identifiers>
</Entity>