<?xml version = '1.0' encoding = 'UTF-8'?>
<Diagram class="oracle.dbtools.crest.swingui.relational.DPVRelational" name="LahStud_Relational" id="70329843-2093-9628-D995-3633EC202692">
<createdBy>Lahcim</createdBy>
<modifiedBy>Lahcim</modifiedBy>
<createdTime>2016-05-18 10:45:10 UTC</createdTime>
<autoRoute>false</autoRoute>
<boxInbox>true</boxInbox>
<showLegend>false</showLegend>
<showLabels>false</showLabels>
<showRelAttributes>false</showRelAttributes>
<gridEnabled>false</gridEnabled>
<showGrid>false</showGrid>
<diagramColor>-1</diagramColor>
<display>false</display>
<notation>1</notation>
<objectViews>
<OView class="oracle.dbtools.crest.swingui.relational.TVTable" oid="289B2E62-64F5-389D-0C94-72E82D169273" otype="Table" vid="BE68C8A2-D62F-B7AD-BCEF-0497CD3D80EF">
<hideElementsInCurrentOnly>false</hideElementsInCurrentOnly>
<bounds x="114" y="384" width="180" height="142"/>
</OView>
<OView class="oracle.dbtools.crest.swingui.relational.TVTable" oid="2EE3752E-24DD-6CFC-C195-9962A180AF4F" otype="Table" vid="CD3F8D0A-74AB-477B-9320-0296066C1B02">
<hideElementsInCurrentOnly>false</hideElementsInCurrentOnly>
<bounds x="103" y="127" width="193" height="192"/>
</OView>
<OView class="oracle.dbtools.crest.swingui.relational.TVTable" oid="4570FFE6-22B9-7665-2DC1-8120D5981B26" otype="Table" vid="9DE17312-B4D5-A3DF-D0B1-FFBD34C88D13">
<hideElementsInCurrentOnly>false</hideElementsInCurrentOnly>
<bounds x="429" y="269" width="211" height="102"/>
</OView>
<OView class="oracle.dbtools.crest.swingui.relational.TVTable" oid="6AC7E13E-C146-923C-29F9-B8A7A80FF09E" otype="Table" vid="193A5814-E861-726A-6222-16E9BE2629C2">
<hideElementsInCurrentOnly>false</hideElementsInCurrentOnly>
<bounds x="433" y="402" width="201" height="198"/>
</OView>
<OView class="oracle.dbtools.crest.swingui.relational.TVTable" oid="A4957FA7-54FA-B2EC-17A0-30EC5136D129" otype="Table" vid="0758FC85-13DC-30CC-D2B9-3FB1EAA56AA5">
<hideElementsInCurrentOnly>false</hideElementsInCurrentOnly>
<bounds x="397" y="109" width="172" height="128"/>
</OView>
</objectViews>
<connectors>
<Connector class="oracle.dbtools.crest.swingui.relational.TVFKRelation" oid="3CDA1912-33EE-2CA4-AAA8-BDB822EF1D26" otype="FKIndexAssociation" vid_source="CD3F8D0A-74AB-477B-9320-0296066C1B02" vid_target="0758FC85-13DC-30CC-D2B9-3FB1EAA56AA5">
<hideElementsInCurrentOnly>false</hideElementsInCurrentOnly>
<lineWidth>1</lineWidth>
<points>
<point x="296" y="192"/>
<point x="397" y="192"/>
</points>
</Connector>
<Connector class="oracle.dbtools.crest.swingui.relational.TVFKRelation" oid="3FBEF693-65AD-32E4-5D38-C862192D503E" otype="FKIndexAssociation" vid_source="CD3F8D0A-74AB-477B-9320-0296066C1B02" vid_target="CD3F8D0A-74AB-477B-9320-0296066C1B02">
<hideElementsInCurrentOnly>false</hideElementsInCurrentOnly>
<lineWidth>1</lineWidth>
<points>
<point x="296" y="155"/>
<point x="360" y="155"/>
<point x="360" y="61"/>
<point x="280" y="61"/>
<point x="280" y="127"/>
</points>
</Connector>
<Connector class="oracle.dbtools.crest.swingui.relational.TVFKRelation" oid="58BB99B4-1811-AA6B-CDF3-776A45CDCE04" otype="FKIndexAssociation" vid_source="BE68C8A2-D62F-B7AD-BCEF-0497CD3D80EF" vid_target="CD3F8D0A-74AB-477B-9320-0296066C1B02">
<hideElementsInCurrentOnly>false</hideElementsInCurrentOnly>
<lineWidth>1</lineWidth>
<points>
<point x="204" y="384"/>
<point x="204" y="319"/>
</points>
</Connector>
<Connector class="oracle.dbtools.crest.swingui.relational.TVFKRelation" oid="5F27F74C-2484-1479-FF30-0AA4B640AC3D" otype="FKIndexAssociation" vid_source="BE68C8A2-D62F-B7AD-BCEF-0497CD3D80EF" vid_target="193A5814-E861-726A-6222-16E9BE2629C2">
<hideElementsInCurrentOnly>false</hideElementsInCurrentOnly>
<lineWidth>1</lineWidth>
<points>
<point x="294" y="448"/>
<point x="433" y="448"/>
</points>
</Connector>
<Connector class="oracle.dbtools.crest.swingui.relational.TVFKRelation" oid="674F99C4-1953-9654-33BC-A1382920501B" otype="FKIndexAssociation" vid_source="0758FC85-13DC-30CC-D2B9-3FB1EAA56AA5" vid_target="BE68C8A2-D62F-B7AD-BCEF-0497CD3D80EF">
<hideElementsInCurrentOnly>false</hideElementsInCurrentOnly>
<lineWidth>1</lineWidth>
<points>
<point x="408" y="237"/>
<point x="408" y="430"/>
<point x="294" y="430"/>
</points>
</Connector>
<Connector class="oracle.dbtools.crest.swingui.relational.TVFKRelation" oid="89C65DBD-47E5-2420-7705-EB2D33B7F548" otype="FKIndexAssociation" vid_source="9DE17312-B4D5-A3DF-D0B1-FFBD34C88D13" vid_target="193A5814-E861-726A-6222-16E9BE2629C2">
<hideElementsInCurrentOnly>false</hideElementsInCurrentOnly>
<lineWidth>1</lineWidth>
<points>
<point x="533" y="371"/>
<point x="533" y="402"/>
</points>
</Connector>
<Connector class="oracle.dbtools.crest.swingui.relational.TVFKRelation" oid="E0679942-92FF-E7B7-50A3-21A73431ABA2" otype="FKIndexAssociation" vid_source="193A5814-E861-726A-6222-16E9BE2629C2" vid_target="BE68C8A2-D62F-B7AD-BCEF-0497CD3D80EF">
<hideElementsInCurrentOnly>false</hideElementsInCurrentOnly>
<lineWidth>1</lineWidth>
<points>
<point x="433" y="458"/>
<point x="294" y="458"/>
</points>
</Connector>
</connectors>
</Diagram>