<?xml version = '1.0' encoding = 'UTF-8'?>
<Diagram class="oracle.dbtools.crest.swingui.logical.DPVLogical" name="Logical" id="04C56A75-C2D6-D6C8-4099-05AC99A2B87B">
<createdBy>Lahcim</createdBy>
<modifiedBy>Lahcim</modifiedBy>
<createdTime>2016-05-18 10:44:27 UTC</createdTime>
<autoRoute>false</autoRoute>
<boxInbox>true</boxInbox>
<showLegend>false</showLegend>
<showLabels>false</showLabels>
<showRelAttributes>false</showRelAttributes>
<gridEnabled>false</gridEnabled>
<showGrid>false</showGrid>
<diagramColor>-1</diagramColor>
<display>false</display>
<notation>0</notation>
<objectViews>
<OView class="oracle.dbtools.crest.swingui.logical.TVEntity" oid="50B9E1F8-E34F-5B57-662C-64BB35D6459C" otype="Entity" vid="A627E0B9-99E4-1282-B63C-C82717383E47">
<hideElementsInCurrentOnly>false</hideElementsInCurrentOnly>
<bounds x="429" y="269" width="205" height="102"/>
</OView>
<OView class="oracle.dbtools.crest.swingui.logical.TVEntity" oid="91543564-7B1E-A862-ABFB-9065B2AFEEA0" otype="Entity" vid="322E05F4-FE47-D123-E6B6-1BF7FCC3AB0E">
<hideElementsInCurrentOnly>false</hideElementsInCurrentOnly>
<bounds x="385" y="134" width="163" height="88"/>
</OView>
<OView class="oracle.dbtools.crest.swingui.logical.TVEntity" oid="A6E1C768-08E5-2C5C-8A2B-4A340E8EABF8" otype="Entity" vid="C39419E5-1E05-F009-B817-9AE37B7CF9B8">
<hideElementsInCurrentOnly>false</hideElementsInCurrentOnly>
<bounds x="104" y="150" width="200" height="158"/>
</OView>
<OView class="oracle.dbtools.crest.swingui.logical.TVEntity" oid="DFDEF047-1BB9-9032-0351-FC70DE3DFE53" otype="Entity" vid="B81DBB76-DDBE-AB69-1D8C-F8ADD0715D27">
<hideElementsInCurrentOnly>false</hideElementsInCurrentOnly>
<bounds x="433" y="402" width="180" height="144"/>
</OView>
<OView class="oracle.dbtools.crest.swingui.logical.TVEntity" oid="ECB1F665-6E08-414F-A79D-3D118B3B4F30" otype="Entity" vid="2485731B-51F0-1195-FC3B-81C440998841">
<hideElementsInCurrentOnly>false</hideElementsInCurrentOnly>
<bounds x="114" y="384" width="129" height="88"/>
</OView>
</objectViews>
<connectors>
<Connector class="oracle.dbtools.crest.swingui.logical.TVRelation" oid="427ADD58-8C67-4396-47E4-D2F9EC9E7226" otype="Relation" vid_source="322E05F4-FE47-D123-E6B6-1BF7FCC3AB0E" vid_target="2485731B-51F0-1195-FC3B-81C440998841">
<hideElementsInCurrentOnly>false</hideElementsInCurrentOnly>
<lineWidth>1</lineWidth>
<points>
<point x="408" y="222"/>
<point x="408" y="430"/>
<point x="174" y="384"/>
</points>
</Connector>
<Connector class="oracle.dbtools.crest.swingui.logical.TVRelation" oid="60C4926D-6CAC-BC30-60C1-F949D7EB28E3" otype="Relation" vid_source="C39419E5-1E05-F009-B817-9AE37B7CF9B8" vid_target="322E05F4-FE47-D123-E6B6-1BF7FCC3AB0E">
<hideElementsInCurrentOnly>false</hideElementsInCurrentOnly>
<lineWidth>1</lineWidth>
<points>
<point x="304" y="211"/>
<point x="385" y="211"/>
</points>
</Connector>
<Connector class="oracle.dbtools.crest.swingui.logical.TVRelation" oid="630410F1-109C-9E92-ECC3-3FCAE38A8D3C" otype="Relation" vid_source="A627E0B9-99E4-1282-B63C-C82717383E47" vid_target="B81DBB76-DDBE-AB69-1D8C-F8ADD0715D27">
<hideElementsInCurrentOnly>false</hideElementsInCurrentOnly>
<lineWidth>1</lineWidth>
<points>
<point x="533" y="371"/>
<point x="533" y="402"/>
</points>
</Connector>
<Connector class="oracle.dbtools.crest.swingui.logical.TVRelation" oid="6342EE0B-75C5-8E8A-59A8-B37F5E6DBCB6" otype="Relation" vid_source="2485731B-51F0-1195-FC3B-81C440998841" vid_target="C39419E5-1E05-F009-B817-9AE37B7CF9B8">
<hideElementsInCurrentOnly>false</hideElementsInCurrentOnly>
<lineWidth>1</lineWidth>
<points>
<point x="179" y="384"/>
<point x="179" y="308"/>
</points>
</Connector>
<Connector class="oracle.dbtools.crest.swingui.logical.TVRelation" oid="BAA2FA7B-0DE5-CF6F-533E-4109FED03B1F" otype="Relation" vid_source="C39419E5-1E05-F009-B817-9AE37B7CF9B8" vid_target="C39419E5-1E05-F009-B817-9AE37B7CF9B8">
<hideElementsInCurrentOnly>false</hideElementsInCurrentOnly>
<lineWidth>1</lineWidth>
<points>
<point x="304" y="178"/>
<point x="361" y="178"/>
<point x="361" y="84"/>
<point x="281" y="84"/>
<point x="281" y="150"/>
</points>
</Connector>
<Connector class="oracle.dbtools.crest.swingui.logical.TVRelation" oid="CF7D927A-8BF4-37AC-8FCA-BC2029AC5EFA" otype="Relation" vid_source="B81DBB76-DDBE-AB69-1D8C-F8ADD0715D27" vid_target="2485731B-51F0-1195-FC3B-81C440998841">
<hideElementsInCurrentOnly>false</hideElementsInCurrentOnly>
<lineWidth>1</lineWidth>
<points>
<point x="433" y="458"/>
<point x="243" y="458"/>
</points>
</Connector>
<Connector class="oracle.dbtools.crest.swingui.logical.TVRelation" oid="DF8D2858-3DCC-8F75-CFA7-1A414A83432C" otype="Relation" vid_source="2485731B-51F0-1195-FC3B-81C440998841" vid_target="B81DBB76-DDBE-AB69-1D8C-F8ADD0715D27">
<hideElementsInCurrentOnly>false</hideElementsInCurrentOnly>
<lineWidth>1</lineWidth>
<points>
<point x="243" y="448"/>
<point x="433" y="448"/>
</points>
</Connector>
</connectors>
</Diagram>