<?xml version = '1.0' encoding = 'UTF-8'?>
<Diagram class="oracle.dbtools.crest.swingui.logical.DPVLogical" name="Logical" id="24FCA4D8-BBD5-A98A-2B8A-A73AE54685CC">
<createdBy>Lahcim</createdBy>
<modifiedBy>Lahcim</modifiedBy>
<createdTime>2016-05-18 13:04:04 UTC</createdTime>
<autoRoute>false</autoRoute>
<boxInbox>true</boxInbox>
<showLegend>false</showLegend>
<showLabels>false</showLabels>
<showRelAttributes>false</showRelAttributes>
<gridEnabled>false</gridEnabled>
<showGrid>false</showGrid>
<diagramColor>-1</diagramColor>
<display>false</display>
<notation>0</notation>
<objectViews>
<OView class="oracle.dbtools.crest.swingui.logical.TVEntity" oid="35DCE366-0C18-17D9-F87F-4C2221498F2F" otype="Entity" vid="95E779A8-9FC5-1A52-DBAE-222917628093">
<hideElementsInCurrentOnly>false</hideElementsInCurrentOnly>
<bounds x="104" y="150" width="200" height="158"/>
</OView>
<OView class="oracle.dbtools.crest.swingui.logical.TVEntity" oid="896C19E5-29B2-68AD-DB83-978B15ED3009" otype="Entity" vid="881FDAFB-D6FC-EC81-C7DE-779297734C11">
<hideElementsInCurrentOnly>false</hideElementsInCurrentOnly>
<bounds x="429" y="269" width="205" height="102"/>
</OView>
<OView class="oracle.dbtools.crest.swingui.logical.TVEntity" oid="B36049DA-1642-3CD3-1237-8A3D1512BA7B" otype="Entity" vid="5B9373BD-573E-5AF2-C4D0-86D33B0E9DDF">
<hideElementsInCurrentOnly>false</hideElementsInCurrentOnly>
<bounds x="433" y="402" width="180" height="144"/>
</OView>
<OView class="oracle.dbtools.crest.swingui.logical.TVEntity" oid="DCEA34FA-2ED1-C6DC-A214-9F3FE4CFE536" otype="Entity" vid="B079FF81-AE63-3042-6608-ACF68E4EA884">
<hideElementsInCurrentOnly>false</hideElementsInCurrentOnly>
<bounds x="385" y="134" width="163" height="88"/>
</OView>
<OView class="oracle.dbtools.crest.swingui.logical.TVEntity" oid="F50EE12D-0C53-8981-7285-630E4C1729C5" otype="Entity" vid="5F411F01-0E21-3DFD-A5EE-CADC72FBAE55">
<hideElementsInCurrentOnly>false</hideElementsInCurrentOnly>
<bounds x="114" y="384" width="129" height="88"/>
</OView>
</objectViews>
<connectors>
<Connector class="oracle.dbtools.crest.swingui.logical.TVRelation" oid="094734C1-6193-1EF3-D94E-4BF09ECFD7B0" otype="Relation" vid_source="B079FF81-AE63-3042-6608-ACF68E4EA884" vid_target="5F411F01-0E21-3DFD-A5EE-CADC72FBAE55">
<hideElementsInCurrentOnly>false</hideElementsInCurrentOnly>
<lineWidth>1</lineWidth>
<points>
<point x="408" y="222"/>
<point x="408" y="430"/>
<point x="174" y="384"/>
</points>
</Connector>
<Connector class="oracle.dbtools.crest.swingui.logical.TVRelation" oid="14629D33-9A03-5758-FB5A-038321F44969" otype="Relation" vid_source="5F411F01-0E21-3DFD-A5EE-CADC72FBAE55" vid_target="95E779A8-9FC5-1A52-DBAE-222917628093">
<hideElementsInCurrentOnly>false</hideElementsInCurrentOnly>
<lineWidth>1</lineWidth>
<points>
<point x="179" y="384"/>
<point x="179" y="308"/>
</points>
</Connector>
<Connector class="oracle.dbtools.crest.swingui.logical.TVRelation" oid="49EBDE50-A47A-A5BA-C180-1E4E10C00BC8" otype="Relation" vid_source="95E779A8-9FC5-1A52-DBAE-222917628093" vid_target="B079FF81-AE63-3042-6608-ACF68E4EA884">
<hideElementsInCurrentOnly>false</hideElementsInCurrentOnly>
<lineWidth>1</lineWidth>
<points>
<point x="304" y="211"/>
<point x="385" y="211"/>
</points>
</Connector>
<Connector class="oracle.dbtools.crest.swingui.logical.TVRelation" oid="4CF69863-5D51-83EB-4829-50DDD49CE203" otype="Relation" vid_source="5F411F01-0E21-3DFD-A5EE-CADC72FBAE55" vid_target="5B9373BD-573E-5AF2-C4D0-86D33B0E9DDF">
<hideElementsInCurrentOnly>false</hideElementsInCurrentOnly>
<lineWidth>1</lineWidth>
<points>
<point x="243" y="448"/>
<point x="433" y="448"/>
</points>
</Connector>
<Connector class="oracle.dbtools.crest.swingui.logical.TVRelation" oid="8A27D841-7CC6-605D-4524-E3C61F4B2B7A" otype="Relation" vid_source="881FDAFB-D6FC-EC81-C7DE-779297734C11" vid_target="5B9373BD-573E-5AF2-C4D0-86D33B0E9DDF">
<hideElementsInCurrentOnly>false</hideElementsInCurrentOnly>
<lineWidth>1</lineWidth>
<points>
<point x="533" y="371"/>
<point x="533" y="402"/>
</points>
</Connector>
<Connector class="oracle.dbtools.crest.swingui.logical.TVRelation" oid="93BFBDDC-D57C-0C82-9542-1015D9F5A0D8" otype="Relation" vid_source="5B9373BD-573E-5AF2-C4D0-86D33B0E9DDF" vid_target="5F411F01-0E21-3DFD-A5EE-CADC72FBAE55">
<hideElementsInCurrentOnly>false</hideElementsInCurrentOnly>
<lineWidth>1</lineWidth>
<points>
<point x="433" y="458"/>
<point x="243" y="458"/>
</points>
</Connector>
<Connector class="oracle.dbtools.crest.swingui.logical.TVRelation" oid="E6AF1A5B-561C-47E0-2A55-B9102BA45711" otype="Relation" vid_source="95E779A8-9FC5-1A52-DBAE-222917628093" vid_target="95E779A8-9FC5-1A52-DBAE-222917628093">
<hideElementsInCurrentOnly>false</hideElementsInCurrentOnly>
<lineWidth>1</lineWidth>
<points>
<point x="304" y="178"/>
<point x="361" y="178"/>
<point x="361" y="84"/>
<point x="281" y="84"/>
<point x="281" y="150"/>
</points>
</Connector>
</connectors>
</Diagram>