<?xml version = '1.0' encoding = 'UTF-8'?>
<TableProxyOraclev11g class="oracle.dbtools.crest.model.design.storage.oracle.v11g.TableProxyOraclev11g" name="Team" directorySegmentName="seg_0" id="289B2E62-64F5-389D-0C94-72E82D169273">
<createdBy>Lahcim</createdBy>
<createdTime>2016-05-18 12:27:26 UTC</createdTime>
<ownerDesignName>LahStud_Baza</ownerDesignName>
<logging>YES</logging>
<partitionedRowMovement>DISABLE</partitionedRowMovement>
<temporaryChanged>false</temporaryChanged>
<accessDriverType>oracle_loader</accessDriverType>
<rejectLimit></rejectLimit>
<columnProxies itemClass="oracle.dbtools.crest.model.design.storage.oracle.v12c.ColumnProxyOraclev12c">
<ColumnProxy name="Project_id" id="32037584-E01C-711E-B94F-BEF13DF65085">
<createdBy>Lahcim</createdBy>
<createdTime>2016-05-18 12:27:26 UTC</createdTime>
<ownerDesignName>LahStud_Baza</ownerDesignName>
</ColumnProxy>
<ColumnProxy name="id" id="5C45978A-79CF-1BBC-D725-A07E8E90BDA1">
<createdBy>Lahcim</createdBy>
<createdTime>2016-05-18 12:27:26 UTC</createdTime>
<ownerDesignName>LahStud_Baza</ownerDesignName>
</ColumnProxy>
<ColumnProxy name="Dept_id" id="DCED05BF-F540-832B-AC04-8C8257774D37">
<createdBy>Lahcim</createdBy>
<createdTime>2016-05-18 12:27:26 UTC</createdTime>
<ownerDesignName>LahStud_Baza</ownerDesignName>
</ColumnProxy>
</columnProxies>
<indexProxies>
<IndexProxy class="oracle.dbtools.crest.model.design.storage.oracle.v10g.IndexProxyOraclev10g" name="Team__IDX" id="D09F8909-DD72-B765-DEAB-967D8CA3C5DB">
<createdBy>Lahcim</createdBy>
<createdTime>2016-05-18 12:27:26 UTC</createdTime>
<ownerDesignName>LahStud_Baza</ownerDesignName>
</IndexProxy>
</indexProxies>
<foreignKeys>
<ForeignKey class="oracle.dbtools.crest.model.design.storage.oracle.v10g.FKProxyOraclev10g" name="Team_Dept_FK" id="EB6625DC-4775-2F4D-E890-E7FABF7DBE33">
<createdBy>Lahcim</createdBy>
<createdTime>2016-05-18 12:27:26 UTC</createdTime>
<ownerDesignName>LahStud_Baza</ownerDesignName>
</ForeignKey>
<ForeignKey class="oracle.dbtools.crest.model.design.storage.oracle.v10g.FKProxyOraclev10g" name="Team_Project_FK" id="EF446FA8-5E67-3E01-52A2-E817415214BC">
<createdBy>Lahcim</createdBy>
<createdTime>2016-05-18 12:27:26 UTC</createdTime>
<ownerDesignName>LahStud_Baza</ownerDesignName>
</ForeignKey>
</foreignKeys>
<primaryKeys>
<PrimaryKey class="oracle.dbtools.crest.model.design.storage.oracle.v10g.PKProxyOraclev10g" name="Team_PK" id="01BF7B6E-3CAA-D2AE-A730-EBBA68E42CF8">
<createdBy>Lahcim</createdBy>
<createdTime>2016-05-18 12:27:26 UTC</createdTime>
<ownerDesignName>LahStud_Baza</ownerDesignName>
<indexSort>SORTED</indexSort>
</PrimaryKey>
</primaryKeys>
</TableProxyOraclev11g>