<?xml version = '1.0' encoding = 'UTF-8'?>
<TableProxyOraclev11g class="oracle.dbtools.crest.model.design.storage.oracle.v11g.TableProxyOraclev11g" name="Emp" directorySegmentName="seg_0" id="2EE3752E-24DD-6CFC-C195-9962A180AF4F">
<createdBy>Lahcim</createdBy>
<createdTime>2016-05-18 12:27:26 UTC</createdTime>
<ownerDesignName>LahStud_Baza</ownerDesignName>
<logging>YES</logging>
<partitionedRowMovement>DISABLE</partitionedRowMovement>
<temporaryChanged>false</temporaryChanged>
<accessDriverType>oracle_loader</accessDriverType>
<rejectLimit></rejectLimit>
<columnProxies itemClass="oracle.dbtools.crest.model.design.storage.oracle.v12c.ColumnProxyOraclev12c">
<ColumnProxy name="salary" id="01C30404-AD88-E32E-BEE4-A79E89B475E4">
<createdBy>Lahcim</createdBy>
<createdTime>2016-05-18 12:27:26 UTC</createdTime>
<ownerDesignName>LahStud_Baza</ownerDesignName>
</ColumnProxy>
<ColumnProxy name="Team_id" id="026A3F65-ED9B-551D-5B25-A300AE4160BC">
<createdBy>Lahcim</createdBy>
<createdTime>2016-05-18 12:27:26 UTC</createdTime>
<ownerDesignName>LahStud_Baza</ownerDesignName>
</ColumnProxy>
<ColumnProxy name="first_name" id="22C2BC0A-0249-C838-F681-E8371319F206">
<createdBy>Lahcim</createdBy>
<createdTime>2016-05-18 12:27:26 UTC</createdTime>
<ownerDesignName>LahStud_Baza</ownerDesignName>
</ColumnProxy>
<ColumnProxy name="Emp_id" id="527CC973-B9EE-E214-8539-37EDCC0938A2">
<createdBy>Lahcim</createdBy>
<createdTime>2016-05-18 12:27:26 UTC</createdTime>
<ownerDesignName>LahStud_Baza</ownerDesignName>
</ColumnProxy>
<ColumnProxy name="date_started" id="5A0F3D8E-EE2A-C788-03E0-486D7105922F">
<createdBy>Lahcim</createdBy>
<createdTime>2016-05-18 12:27:26 UTC</createdTime>
<ownerDesignName>LahStud_Baza</ownerDesignName>
</ColumnProxy>
<ColumnProxy name="last_name" id="7A4B1689-01F4-6E33-28B8-46CD2D0A2D40">
<createdBy>Lahcim</createdBy>
<createdTime>2016-05-18 12:27:26 UTC</createdTime>
<ownerDesignName>LahStud_Baza</ownerDesignName>
</ColumnProxy>
<ColumnProxy name="title" id="BA7C5B5C-BA2D-2C9C-793E-EF804D36DA8F">
<createdBy>Lahcim</createdBy>
<createdTime>2016-05-18 12:27:26 UTC</createdTime>
<ownerDesignName>LahStud_Baza</ownerDesignName>
</ColumnProxy>
<ColumnProxy name="id" id="F9226326-4F02-6310-62CF-770F5DA5267A">
<createdBy>Lahcim</createdBy>
<createdTime>2016-05-18 12:27:26 UTC</createdTime>
<ownerDesignName>LahStud_Baza</ownerDesignName>
</ColumnProxy>
</columnProxies>
<foreignKeys>
<ForeignKey class="oracle.dbtools.crest.model.design.storage.oracle.v10g.FKProxyOraclev10g" name="Emp_Emp_FK" id="73D8A5DB-54EA-83E7-D020-02AEE83E6A2F">
<createdBy>Lahcim</createdBy>
<createdTime>2016-05-18 12:27:26 UTC</createdTime>
<ownerDesignName>LahStud_Baza</ownerDesignName>
</ForeignKey>
<ForeignKey class="oracle.dbtools.crest.model.design.storage.oracle.v10g.FKProxyOraclev10g" name="Emp_Team_FK" id="DFFB2CBB-9134-AED6-9C21-09C9A23E3FC8">
<createdBy>Lahcim</createdBy>
<createdTime>2016-05-18 12:27:26 UTC</createdTime>
<ownerDesignName>LahStud_Baza</ownerDesignName>
</ForeignKey>
</foreignKeys>
<primaryKeys>
<PrimaryKey class="oracle.dbtools.crest.model.design.storage.oracle.v10g.PKProxyOraclev10g" name="Emp_PK" id="D1EEDD4D-7D45-60B5-19D0-E9F98E279F7F">
<createdBy>Lahcim</createdBy>
<createdTime>2016-05-18 12:27:26 UTC</createdTime>
<ownerDesignName>LahStud_Baza</ownerDesignName>
<indexSort>SORTED</indexSort>
</PrimaryKey>
</primaryKeys>
</TableProxyOraclev11g>