<?xml version = '1.0' encoding = 'UTF-8'?>
<TableProxyOraclev11g class="oracle.dbtools.crest.model.design.storage.oracle.v11g.TableProxyOraclev11g" name="Project" directorySegmentName="seg_0" id="6AC7E13E-C146-923C-29F9-B8A7A80FF09E">
<createdBy>Lahcim</createdBy>
<createdTime>2016-05-18 12:27:26 UTC</createdTime>
<ownerDesignName>LahStud_Baza</ownerDesignName>
<logging>YES</logging>
<partitionedRowMovement>DISABLE</partitionedRowMovement>
<temporaryChanged>false</temporaryChanged>
<accessDriverType>oracle_loader</accessDriverType>
<rejectLimit></rejectLimit>
<columnProxies itemClass="oracle.dbtools.crest.model.design.storage.oracle.v12c.ColumnProxyOraclev12c">
<ColumnProxy name="delay_time" id="4AF66D11-043B-E9C2-C284-37385F3CAB50">
<createdBy>Lahcim</createdBy>
<createdTime>2016-05-18 12:27:26 UTC</createdTime>
<ownerDesignName>LahStud_Baza</ownerDesignName>
</ColumnProxy>
<ColumnProxy name="primary_deadline" id="4DCC04F4-A7A5-4462-9850-6D8E4098FDA9">
<createdBy>Lahcim</createdBy>
<createdTime>2016-05-18 12:27:26 UTC</createdTime>
<ownerDesignName>LahStud_Baza</ownerDesignName>
</ColumnProxy>
<ColumnProxy name="Product_id" id="6D5D50AE-4447-2FC3-9E90-7AAA9BEF3DCC">
<createdBy>Lahcim</createdBy>
<createdTime>2016-05-18 12:27:26 UTC</createdTime>
<ownerDesignName>LahStud_Baza</ownerDesignName>
</ColumnProxy>
<ColumnProxy name="Team_id" id="723C6482-EAC1-E712-3E5F-ACFC9A2B03CD">
<createdBy>Lahcim</createdBy>
<createdTime>2016-05-18 12:27:26 UTC</createdTime>
<ownerDesignName>LahStud_Baza</ownerDesignName>
</ColumnProxy>
<ColumnProxy name="date_launched" id="7C1D655F-5967-9850-C6B9-37A11582ED04">
<createdBy>Lahcim</createdBy>
<createdTime>2016-05-18 12:27:26 UTC</createdTime>
<ownerDesignName>LahStud_Baza</ownerDesignName>
</ColumnProxy>
<ColumnProxy name="date_finished" id="9F84AEF9-1A89-1C80-119D-18E9D9B7B195">
<createdBy>Lahcim</createdBy>
<createdTime>2016-05-18 12:27:26 UTC</createdTime>
<ownerDesignName>LahStud_Baza</ownerDesignName>
</ColumnProxy>
<ColumnProxy name="id" id="BAA2AA32-B1FC-B371-D2D7-C28F4331C315">
<createdBy>Lahcim</createdBy>
<createdTime>2016-05-18 12:27:26 UTC</createdTime>
<ownerDesignName>LahStud_Baza</ownerDesignName>
</ColumnProxy>
</columnProxies>
<indexProxies>
<IndexProxy class="oracle.dbtools.crest.model.design.storage.oracle.v10g.IndexProxyOraclev10g" name="Project__IDX" id="EBF7D593-B867-D574-789D-E0EB1E1EB7D6">
<createdBy>Lahcim</createdBy>
<createdTime>2016-05-18 12:27:26 UTC</createdTime>
<ownerDesignName>LahStud_Baza</ownerDesignName>
</IndexProxy>
</indexProxies>
<foreignKeys>
<ForeignKey class="oracle.dbtools.crest.model.design.storage.oracle.v10g.FKProxyOraclev10g" name="Project_Team_FK" id="4B8AFC53-8A5B-4BBB-1252-338C459D8949">
<createdBy>Lahcim</createdBy>
<createdTime>2016-05-18 12:27:26 UTC</createdTime>
<ownerDesignName>LahStud_Baza</ownerDesignName>
</ForeignKey>
<ForeignKey class="oracle.dbtools.crest.model.design.storage.oracle.v10g.FKProxyOraclev10g" name="Project_Product_FK" id="5B3BCD23-4256-B1C9-2DC1-89D6D2BE2815">
<createdBy>Lahcim</createdBy>
<createdTime>2016-05-18 12:27:26 UTC</createdTime>
<ownerDesignName>LahStud_Baza</ownerDesignName>
</ForeignKey>
</foreignKeys>
<primaryKeys>
<PrimaryKey class="oracle.dbtools.crest.model.design.storage.oracle.v10g.PKProxyOraclev10g" name="Project_PK" id="47C8483B-0C6C-DA66-9E23-342DD7BCA9FE">
<createdBy>Lahcim</createdBy>
<createdTime>2016-05-18 12:27:26 UTC</createdTime>
<ownerDesignName>LahStud_Baza</ownerDesignName>
<indexSort>SORTED</indexSort>
</PrimaryKey>
</primaryKeys>
</TableProxyOraclev11g>