<?xml version = '1.0' encoding = 'UTF-8'?>
<Table class="oracle.dbtools.crest.model.design.relational.Table" directorySegmentName="seg_0" id="35DA856F-E251-B307-B9D0-61AD167B2AFA" name="Product">
<createdBy>Lahcim</createdBy>
<createdTime>2016-05-18 13:04:04 UTC</createdTime>
<generatorID>896C19E5-29B2-68AD-DB83-978B15ED3009</generatorID>
<ownerDesignName>LahStud_Baza</ownerDesignName>
<importedID>4570FFE6-22B9-7665-2DC1-8120D5981B26</importedID>
<allowColumnReorder>false</allowColumnReorder>
<existDependencyGenerateInDDl>true</existDependencyGenerateInDDl>
<parsed>true</parsed>
<columns itemClass="oracle.dbtools.crest.model.design.relational.Column">
<Column name="id" id="80C7CA98-6950-F26C-D955-263E5AB34BFD">
<createdBy>Lahcim</createdBy>
<createdTime>2016-05-18 13:04:04 UTC</createdTime>
<generatorID>88EFD4F3-3ED7-4E72-0554-7A13CF29F8AC</generatorID>
<ownerDesignName>LahStud_Baza</ownerDesignName>
<importedID>0911C83F-46CA-4B77-718E-9AACA00D0255</importedID>
<use>0</use>
<logicalDatatype>LOGDT019</logicalDatatype>
<domain>00C71662-2924-1C01-E411-AC2C45804BE1</domain>
<ownDataTypeParameters>,,</ownDataTypeParameters>
<autoIncrementCycle>false</autoIncrementCycle>
</Column>
<Column name="name" id="5B8FC62A-5E52-664E-FA03-512CCEEFFE86">
<createdBy>Lahcim</createdBy>
<createdTime>2016-05-18 13:04:04 UTC</createdTime>
<generatorID>DDFC0E07-2EE8-EBFA-8BD3-D9444B083F10</generatorID>
<ownerDesignName>LahStud_Baza</ownerDesignName>
<importedID>1482E99F-7F36-098F-530A-A0CC55700506</importedID>
<use>0</use>
<logicalDatatype>LOGDT024</logicalDatatype>
<domain>2A497015-7BFF-CE9F-C05B-1AAC7F487904</domain>
<ownDataTypeParameters>,,</ownDataTypeParameters>
<autoIncrementCycle>false</autoIncrementCycle>
</Column>
<Column name="version" id="4541046D-AD01-95E3-ED3A-29CDE9336058">
<createdBy>Lahcim</createdBy>
<createdTime>2016-05-18 13:04:04 UTC</createdTime>
<generatorID>83CFDE8C-6D7B-F50F-EF2B-F0B377B99456</generatorID>
<ownerDesignName>LahStud_Baza</ownerDesignName>
<importedID>85CB2132-B65C-757F-1FCF-0EA2B20143D1</importedID>
<useDomainConstraints>false</useDomainConstraints>
<use>1</use>
<logicalDatatype>LOGDT020</logicalDatatype>
<dataTypePrecision>7</dataTypePrecision>
<ownDataTypeParameters>,7,</ownDataTypeParameters>
<autoIncrementCycle>false</autoIncrementCycle>
</Column>
<Column name="date_distributed" id="22202A17-C759-A722-A454-279C40423E98">
<createdBy>Lahcim</createdBy>
<createdTime>2016-05-18 13:04:04 UTC</createdTime>
<generatorID>250E4C4E-D4A6-95EA-EC8D-10111B30C9AC</generatorID>
<ownerDesignName>LahStud_Baza</ownerDesignName>
<importedID>6F560CD2-A773-4ABF-DCD8-E5A35102AA15</importedID>
<nullsAllowed>true</nullsAllowed>
<useDomainConstraints>false</useDomainConstraints>
<use>1</use>
<logicalDatatype>LOGDT007</logicalDatatype>
<ownDataTypeParameters>,,</ownDataTypeParameters>
<autoIncrementCycle>false</autoIncrementCycle>
</Column>
</columns>
<indexes itemClass="oracle.dbtools.crest.model.design.relational.Index">
<ind_PK_UK id="1E6281C6-2DF7-DF44-18E9-1C9400765AFB" name="Product_PK">
<createdBy>Lahcim</createdBy>
<createdTime>2016-05-18 13:04:04 UTC</createdTime>
<generatorID>DA41925E-964C-E33F-7DF2-E36708ACB279</generatorID>
<ownerDesignName>LahStud_Baza</ownerDesignName>
<importedID>A815D05D-5003-4119-EC5E-4774B538ECC4</importedID>
<pk>true</pk>
<indexState>Primary Constraint</indexState>
<isSurrogateKey>false</isSurrogateKey>
<indexColumnUsage>
<colUsage columnID="80C7CA98-6950-F26C-D955-263E5AB34BFD"/>
</indexColumnUsage>
</ind_PK_UK>
</indexes>
</Table>