<?xml version = '1.0' encoding = 'UTF-8'?>
<Table class="oracle.dbtools.crest.model.design.relational.Table" directorySegmentName="seg_0" id="C46AF185-4B32-E101-6951-9304F20557D9" name="Dept">
<createdBy>Lahcim</createdBy>
<createdTime>2016-05-18 13:04:04 UTC</createdTime>
<generatorID>DCEA34FA-2ED1-C6DC-A214-9F3FE4CFE536</generatorID>
<ownerDesignName>LahStud_Baza</ownerDesignName>
<importedID>A4957FA7-54FA-B2EC-17A0-30EC5136D129</importedID>
<allowColumnReorder>false</allowColumnReorder>
<existDependencyGenerateInDDl>true</existDependencyGenerateInDDl>
<parsed>true</parsed>
<columns itemClass="oracle.dbtools.crest.model.design.relational.Column">
<Column name="id" id="554E96AC-230B-DEE5-BDC7-72127DA6AC8C">
<createdBy>Lahcim</createdBy>
<createdTime>2016-05-18 13:04:04 UTC</createdTime>
<generatorID>C48BA21D-818E-8912-058C-452E89FC038E</generatorID>
<ownerDesignName>LahStud_Baza</ownerDesignName>
<importedID>15A0A735-16D6-6B3B-8828-E8791A5DA135</importedID>
<use>0</use>
<logicalDatatype>LOGDT019</logicalDatatype>
<domain>00C71662-2924-1C01-E411-AC2C45804BE1</domain>
<ownDataTypeParameters>,,</ownDataTypeParameters>
<autoIncrementCycle>false</autoIncrementCycle>
</Column>
<Column name="name" id="E0826C44-60BA-750B-6F2C-F522466F2285">
<createdBy>Lahcim</createdBy>
<createdTime>2016-05-18 13:04:04 UTC</createdTime>
<generatorID>DCC7AFAF-7E5C-0C1B-3CAD-2FED30381085</generatorID>
<ownerDesignName>LahStud_Baza</ownerDesignName>
<importedID>10E75AE9-888F-1301-A418-3CBEA0792EDF</importedID>
<use>0</use>
<logicalDatatype>LOGDT024</logicalDatatype>
<domain>2A497015-7BFF-CE9F-C05B-1AAC7F487904</domain>
<ownDataTypeParameters>,,</ownDataTypeParameters>
<autoIncrementCycle>false</autoIncrementCycle>
</Column>
<Column name="manager_id" id="E3CD2E40-50FD-E1D9-CB01-6AE844E02066">
<createdBy>Lahcim</createdBy>
<createdTime>2016-05-18 13:04:04 UTC</createdTime>
<generatorID>B3C72CC0-72D6-9ADB-1925-69C3EAEB7178</generatorID>
<ownerDesignName>LahStud_Baza</ownerDesignName>
<importedID>25D49FBD-1DA1-E803-3B21-6B627FD4C63C</importedID>
<use>0</use>
<logicalDatatype>LOGDT019</logicalDatatype>
<domain>00C71662-2924-1C01-E411-AC2C45804BE1</domain>
<ownDataTypeParameters>,,</ownDataTypeParameters>
<autoIncrementCycle>false</autoIncrementCycle>
<associations>
<colAssociation fkAssociation="88064DB0-A11E-05FA-B3C8-316A9612DF7B" referredColumn="424DFC53-6E52-BCF6-DF8A-E7CC78CDB307"/>
</associations>
</Column>
</columns>
<indexes itemClass="oracle.dbtools.crest.model.design.relational.Index">
<ind_PK_UK id="26B44CE5-7A88-B1FA-163F-697BDF088240" name="Dept_PK">
<createdBy>Lahcim</createdBy>
<createdTime>2016-05-18 13:04:04 UTC</createdTime>
<generatorID>B6318EB3-8F22-313C-9342-ECD49C23A3C5</generatorID>
<ownerDesignName>LahStud_Baza</ownerDesignName>
<importedID>4A5E7B5C-E1A1-3145-EAF8-E3167F70A29D</importedID>
<pk>true</pk>
<indexState>Primary Constraint</indexState>
<isSurrogateKey>false</isSurrogateKey>
<indexColumnUsage>
<colUsage columnID="554E96AC-230B-DEE5-BDC7-72127DA6AC8C"/>
</indexColumnUsage>
</ind_PK_UK>
<ind_PK_UK id="7A447A0E-4C19-5B8D-893C-542CC135A070" name="Dept__IDX">
<createdBy>Lahcim</createdBy>
<createdTime>2016-05-18 13:04:04 UTC</createdTime>
<ownerDesignName>LahStud_Baza</ownerDesignName>
<importedID>28133AD7-5922-AC19-94EF-CA49ABB4D50C</importedID>
<indexState>Unique Plain Index</indexState>
<isSurrogateKey>false</isSurrogateKey>
<indexColumnUsage>
<colUsage columnID="E3CD2E40-50FD-E1D9-CB01-6AE844E02066"/>
</indexColumnUsage>
</ind_PK_UK>
<ind_PK_UK id="D57BFCFD-BD79-C9FC-F67F-B7261D4C7D8D" name="Dept_Emp_FK">
<createdBy>Lahcim</createdBy>
<createdTime>2016-05-18 13:04:04 UTC</createdTime>
<generatorID>60C4926D-6CAC-BC30-60C1-F949D7EB28E3</generatorID>
<ownerDesignName>LahStud_Baza</ownerDesignName>
<indexState>Foreign Key</indexState>
<isSurrogateKey>false</isSurrogateKey>
<indexColumnUsage>
<colUsage columnID="E3CD2E40-50FD-E1D9-CB01-6AE844E02066"/>
</indexColumnUsage>
</ind_PK_UK>
</indexes>
</Table>