<?xml version = '1.0' encoding = 'UTF-8'?>
<Table class="oracle.dbtools.crest.model.design.relational.Table" directorySegmentName="seg_0" id="D35E4642-B0DC-FC69-703C-8A6B7455AE0E" name="Emp">
<createdBy>Lahcim</createdBy>
<createdTime>2016-05-18 13:04:04 UTC</createdTime>
<generatorID>35DCE366-0C18-17D9-F87F-4C2221498F2F</generatorID>
<ownerDesignName>LahStud_Baza</ownerDesignName>
<importedID>2EE3752E-24DD-6CFC-C195-9962A180AF4F</importedID>
<allowColumnReorder>false</allowColumnReorder>
<existDependencyGenerateInDDl>true</existDependencyGenerateInDDl>
<parsed>true</parsed>
<columns itemClass="oracle.dbtools.crest.model.design.relational.Column">
<Column name="id" id="424DFC53-6E52-BCF6-DF8A-E7CC78CDB307">
<createdBy>Lahcim</createdBy>
<createdTime>2016-05-18 13:04:04 UTC</createdTime>
<generatorID>F7123594-99FA-94B8-4DF4-071D31D69321</generatorID>
<ownerDesignName>LahStud_Baza</ownerDesignName>
<importedID>F9226326-4F02-6310-62CF-770F5DA5267A</importedID>
<use>0</use>
<logicalDatatype>LOGDT019</logicalDatatype>
<domain>00C71662-2924-1C01-E411-AC2C45804BE1</domain>
<ownDataTypeParameters>,,</ownDataTypeParameters>
<autoIncrementCycle>false</autoIncrementCycle>
</Column>
<Column name="last_name" id="9B3A872B-84E0-F381-51D9-93DBC45C352D">
<createdBy>Lahcim</createdBy>
<createdTime>2016-05-18 13:04:04 UTC</createdTime>
<generatorID>9EFA0751-4975-399D-E095-10615E730728</generatorID>
<ownerDesignName>LahStud_Baza</ownerDesignName>
<importedID>7A4B1689-01F4-6E33-28B8-46CD2D0A2D40</importedID>
<use>0</use>
<logicalDatatype>LOGDT024</logicalDatatype>
<dataTypeSize>30 CHAR</dataTypeSize>
<domain>2478946D-2966-1582-E4DB-BD29E19DEDF7</domain>
<ownDataTypeParameters>30 CHAR,,</ownDataTypeParameters>
<autoIncrementCycle>false</autoIncrementCycle>
</Column>
<Column name="first_name" id="B11617C8-A709-4DF7-E3DC-F2E9A8BCA5A3">
<createdBy>Lahcim</createdBy>
<createdTime>2016-05-18 13:04:04 UTC</createdTime>
<generatorID>9C7867E8-CFDE-931A-B44F-607719474BE3</generatorID>
<ownerDesignName>LahStud_Baza</ownerDesignName>
<importedID>22C2BC0A-0249-C838-F681-E8371319F206</importedID>
<use>0</use>
<logicalDatatype>LOGDT024</logicalDatatype>
<domain>2478946D-2966-1582-E4DB-BD29E19DEDF7</domain>
<ownDataTypeParameters>,,</ownDataTypeParameters>
<autoIncrementCycle>false</autoIncrementCycle>
</Column>
<Column name="team_id" id="CFD63B0D-0568-8627-2242-584105F291B8">
<createdBy>Lahcim</createdBy>
<createdTime>2016-05-18 13:04:04 UTC</createdTime>
<generatorID>38673123-B1E3-6A33-AC7C-71D1928A8D8A</generatorID>
<ownerDesignName>LahStud_Baza</ownerDesignName>
<importedID>026A3F65-ED9B-551D-5B25-A300AE4160BC</importedID>
<use>0</use>
<logicalDatatype>LOGDT019</logicalDatatype>
<domain>00C71662-2924-1C01-E411-AC2C45804BE1</domain>
<ownDataTypeParameters>,,</ownDataTypeParameters>
<autoIncrementCycle>false</autoIncrementCycle>
<associations>
<colAssociation fkAssociation="CEFB4E50-2A35-25BC-7A7A-5D4246DC31CB" referredColumn="F2106E93-3F92-AE09-DDDD-53FF4E070711"/>
</associations>
</Column>
<Column name="title" id="8CB9447E-92AE-DB4B-6D59-F6777DC30275">
<createdBy>Lahcim</createdBy>
<createdTime>2016-05-18 13:04:04 UTC</createdTime>
<generatorID>ABA2F04F-4A95-B371-F163-3D3CF44C9B4D</generatorID>
<ownerDesignName>LahStud_Baza</ownerDesignName>
<importedID>BA7C5B5C-BA2D-2C9C-793E-EF804D36DA8F</importedID>
<use>0</use>
<logicalDatatype>LOGDT024</logicalDatatype>
<domain>49E88D77-FEC0-EA8F-ECB0-F084F7FE024F</domain>
<ownDataTypeParameters>,,</ownDataTypeParameters>
<autoIncrementCycle>false</autoIncrementCycle>
</Column>
<Column name="date_started" id="2AB32119-BBD9-E142-B654-6E1E49F7040E">
<createdBy>Lahcim</createdBy>
<createdTime>2016-05-18 13:04:04 UTC</createdTime>
<generatorID>987785C0-D8D8-A081-ADE6-6C97FA04838F</generatorID>
<ownerDesignName>LahStud_Baza</ownerDesignName>
<importedID>5A0F3D8E-EE2A-C788-03E0-486D7105922F</importedID>
<useDomainConstraints>false</useDomainConstraints>
<use>1</use>
<logicalDatatype>LOGDT007</logicalDatatype>
<ownDataTypeParameters>,,</ownDataTypeParameters>
<autoIncrementCycle>false</autoIncrementCycle>
</Column>
<Column name="salary" id="4D201701-E9ED-7FBB-B135-86D11208405A">
<createdBy>Lahcim</createdBy>
<createdTime>2016-05-18 13:04:04 UTC</createdTime>
<generatorID>8E4D926A-7E6F-8276-2757-7E05717862A1</generatorID>
<ownerDesignName>LahStud_Baza</ownerDesignName>
<importedID>01C30404-AD88-E32E-BEE4-A79E89B475E4</importedID>
<useDomainConstraints>false</useDomainConstraints>
<use>1</use>
<logicalDatatype>LOGDT019</logicalDatatype>
<dataTypePrecision>11</dataTypePrecision>
<ownDataTypeParameters>,11,</ownDataTypeParameters>
<autoIncrementCycle>false</autoIncrementCycle>
</Column>
<Column name="manager_id" id="3E78094D-E0EC-DAF3-9E53-E772E5F92E94">
<createdBy>Lahcim</createdBy>
<createdTime>2016-05-18 13:04:04 UTC</createdTime>
<generatorID>0F41DEF2-F0FA-9D67-A01F-354377EEFCDF</generatorID>
<ownerDesignName>LahStud_Baza</ownerDesignName>
<importedID>527CC973-B9EE-E214-8539-37EDCC0938A2</importedID>
<use>0</use>
<logicalDatatype>LOGDT019</logicalDatatype>
<domain>00C71662-2924-1C01-E411-AC2C45804BE1</domain>
<ownDataTypeParameters>,,</ownDataTypeParameters>
<autoIncrementCycle>false</autoIncrementCycle>
<associations>
<colAssociation fkAssociation="09263573-6427-5255-8D42-8D2DF2FF4E5D" referredColumn="424DFC53-6E52-BCF6-DF8A-E7CC78CDB307"/>
</associations>
</Column>
</columns>
<indexes itemClass="oracle.dbtools.crest.model.design.relational.Index">
<ind_PK_UK id="F12FE843-6847-5CED-2663-C87B8C200564" name="Emp_PK">
<createdBy>Lahcim</createdBy>
<createdTime>2016-05-18 13:04:04 UTC</createdTime>
<generatorID>4B86CD3B-A95A-9B54-C774-43F7D85F290D</generatorID>
<ownerDesignName>LahStud_Baza</ownerDesignName>
<importedID>D1EEDD4D-7D45-60B5-19D0-E9F98E279F7F</importedID>
<pk>true</pk>
<indexState>Primary Constraint</indexState>
<isSurrogateKey>false</isSurrogateKey>
<indexColumnUsage>
<colUsage columnID="424DFC53-6E52-BCF6-DF8A-E7CC78CDB307"/>
</indexColumnUsage>
</ind_PK_UK>
<ind_PK_UK id="52271134-158A-02D3-7E32-7757A8A4CDBD" name="Emp_Emp_FK">
<createdBy>Lahcim</createdBy>
<createdTime>2016-05-18 13:04:04 UTC</createdTime>
<generatorID>BAA2FA7B-0DE5-CF6F-533E-4109FED03B1F</generatorID>
<ownerDesignName>LahStud_Baza</ownerDesignName>
<indexState>Foreign Key</indexState>
<isSurrogateKey>false</isSurrogateKey>
<indexColumnUsage>
<colUsage columnID="3E78094D-E0EC-DAF3-9E53-E772E5F92E94"/>
</indexColumnUsage>
</ind_PK_UK>
<ind_PK_UK id="7EFCC2B1-C408-99C6-3AA6-E2297C75346A" name="Emp_Team_FK">
<createdBy>Lahcim</createdBy>
<createdTime>2016-05-18 13:04:04 UTC</createdTime>
<generatorID>6342EE0B-75C5-8E8A-59A8-B37F5E6DBCB6</generatorID>
<ownerDesignName>LahStud_Baza</ownerDesignName>
<indexState>Foreign Key</indexState>
<isSurrogateKey>false</isSurrogateKey>
<indexColumnUsage>
<colUsage columnID="CFD63B0D-0568-8627-2242-584105F291B8"/>
</indexColumnUsage>
</ind_PK_UK>
</indexes>
</Table>