<?xml version = '1.0' encoding = 'UTF-8'?>
<Table class="oracle.dbtools.crest.model.design.relational.Table" directorySegmentName="seg_0" id="F58BB282-76BA-7C36-C852-DA5679728EEB" name="Project">
<createdBy>Lahcim</createdBy>
<createdTime>2016-05-18 13:04:04 UTC</createdTime>
<generatorID>B36049DA-1642-3CD3-1237-8A3D1512BA7B</generatorID>
<ownerDesignName>LahStud_Baza</ownerDesignName>
<importedID>6AC7E13E-C146-923C-29F9-B8A7A80FF09E</importedID>
<allowColumnReorder>false</allowColumnReorder>
<existDependencyGenerateInDDl>true</existDependencyGenerateInDDl>
<parsed>true</parsed>
<columns itemClass="oracle.dbtools.crest.model.design.relational.Column">
<Column name="id" id="479A636E-CA6C-440E-0099-93844F6C1871">
<createdBy>Lahcim</createdBy>
<createdTime>2016-05-18 13:04:04 UTC</createdTime>
<generatorID>AB6E78A7-5B7D-D577-4DCC-8740457C2F77</generatorID>
<ownerDesignName>LahStud_Baza</ownerDesignName>
<importedID>BAA2AA32-B1FC-B371-D2D7-C28F4331C315</importedID>
<use>0</use>
<logicalDatatype>LOGDT019</logicalDatatype>
<domain>00C71662-2924-1C01-E411-AC2C45804BE1</domain>
<ownDataTypeParameters>,,</ownDataTypeParameters>
<autoIncrementCycle>false</autoIncrementCycle>
</Column>
<Column name="team_id" id="AF710586-37E1-3398-E5CA-DBA566098AF8">
<createdBy>Lahcim</createdBy>
<createdTime>2016-05-18 13:04:04 UTC</createdTime>
<generatorID>54867683-BBCF-3B82-0632-BFA2027F0AB4</generatorID>
<ownerDesignName>LahStud_Baza</ownerDesignName>
<importedID>723C6482-EAC1-E712-3E5F-ACFC9A2B03CD</importedID>
<use>0</use>
<logicalDatatype>LOGDT019</logicalDatatype>
<domain>00C71662-2924-1C01-E411-AC2C45804BE1</domain>
<ownDataTypeParameters>,,</ownDataTypeParameters>
<autoIncrementCycle>false</autoIncrementCycle>
<associations>
<colAssociation fkAssociation="95C7B945-E2A1-3496-C398-4F6CBBBB0C01" referredColumn="F2106E93-3F92-AE09-DDDD-53FF4E070711"/>
</associations>
</Column>
<Column name="product_id" id="525EC5C0-5EFB-B7B3-0965-D13D17BDD134">
<createdBy>Lahcim</createdBy>
<createdTime>2016-05-18 13:04:04 UTC</createdTime>
<generatorID>27998F21-25E4-7617-58B4-0F1C17C03FAE</generatorID>
<ownerDesignName>LahStud_Baza</ownerDesignName>
<importedID>6D5D50AE-4447-2FC3-9E90-7AAA9BEF3DCC</importedID>
<use>0</use>
<logicalDatatype>LOGDT019</logicalDatatype>
<domain>00C71662-2924-1C01-E411-AC2C45804BE1</domain>
<ownDataTypeParameters>,,</ownDataTypeParameters>
<autoIncrementCycle>false</autoIncrementCycle>
<associations>
<colAssociation fkAssociation="3F8315A7-15CB-7B4D-79A1-53B124466A6C" referredColumn="80C7CA98-6950-F26C-D955-263E5AB34BFD"/>
</associations>
</Column>
<Column name="date_launched" id="235C783D-0A1D-B205-FCB1-EB007EBE1FA8">
<createdBy>Lahcim</createdBy>
<createdTime>2016-05-18 13:04:04 UTC</createdTime>
<generatorID>CF0698A3-A7A5-FA4A-5002-40A65DF33A61</generatorID>
<ownerDesignName>LahStud_Baza</ownerDesignName>
<importedID>7C1D655F-5967-9850-C6B9-37A11582ED04</importedID>
<useDomainConstraints>false</useDomainConstraints>
<use>1</use>
<logicalDatatype>LOGDT007</logicalDatatype>
<ownDataTypeParameters>,,</ownDataTypeParameters>
<autoIncrementCycle>false</autoIncrementCycle>
</Column>
<Column name="primary_deadline" id="BD2E547E-19B2-FB99-7C42-27200A0E5F3C">
<createdBy>Lahcim</createdBy>
<createdTime>2016-05-18 13:04:04 UTC</createdTime>
<generatorID>CBB4F9E7-05CD-3798-1A81-AA4209F7E11E</generatorID>
<ownerDesignName>LahStud_Baza</ownerDesignName>
<importedID>4DCC04F4-A7A5-4462-9850-6D8E4098FDA9</importedID>
<useDomainConstraints>false</useDomainConstraints>
<use>1</use>
<logicalDatatype>LOGDT007</logicalDatatype>
<ownDataTypeParameters>,,</ownDataTypeParameters>
<autoIncrementCycle>false</autoIncrementCycle>
</Column>
<Column name="delay_time" id="DDF41A57-FF63-72F2-6B18-70E8F0F1BE7E">
<createdBy>Lahcim</createdBy>
<createdTime>2016-05-18 13:04:04 UTC</createdTime>
<generatorID>92C88ED9-EF6C-FD02-9A2B-B68D3EAFC6BE</generatorID>
<ownerDesignName>LahStud_Baza</ownerDesignName>
<importedID>4AF66D11-043B-E9C2-C284-37385F3CAB50</importedID>
<nullsAllowed>true</nullsAllowed>
<useDomainConstraints>false</useDomainConstraints>
<use>1</use>
<logicalDatatype>LOGDT014</logicalDatatype>
<ownDataTypeParameters>,,</ownDataTypeParameters>
<autoIncrementCycle>false</autoIncrementCycle>
</Column>
<Column name="date_finished" id="634327C0-30CC-94F6-3B0D-947F506BA02B">
<createdBy>Lahcim</createdBy>
<createdTime>2016-05-18 13:04:04 UTC</createdTime>
<generatorID>3A55774C-BAAA-7CA5-0209-B49BFDA14CAF</generatorID>
<ownerDesignName>LahStud_Baza</ownerDesignName>
<importedID>9F84AEF9-1A89-1C80-119D-18E9D9B7B195</importedID>
<nullsAllowed>true</nullsAllowed>
<useDomainConstraints>false</useDomainConstraints>
<use>1</use>
<logicalDatatype>LOGDT007</logicalDatatype>
<ownDataTypeParameters>,,</ownDataTypeParameters>
<autoIncrementCycle>false</autoIncrementCycle>
</Column>
</columns>
<indexes itemClass="oracle.dbtools.crest.model.design.relational.Index">
<ind_PK_UK id="BA1B4991-D958-104D-57BA-410EDBC2B1C9" name="Project_PK">
<createdBy>Lahcim</createdBy>
<createdTime>2016-05-18 13:04:04 UTC</createdTime>
<generatorID>CF257D60-1E17-7401-6BB9-80E7C824ECC3</generatorID>
<ownerDesignName>LahStud_Baza</ownerDesignName>
<importedID>47C8483B-0C6C-DA66-9E23-342DD7BCA9FE</importedID>
<pk>true</pk>
<indexState>Primary Constraint</indexState>
<isSurrogateKey>false</isSurrogateKey>
<indexColumnUsage>
<colUsage columnID="479A636E-CA6C-440E-0099-93844F6C1871"/>
</indexColumnUsage>
</ind_PK_UK>
<ind_PK_UK id="43158EBA-5F89-F839-6125-DFEB86B08DF6" name="Project__IDX">
<createdBy>Lahcim</createdBy>
<createdTime>2016-05-18 13:04:04 UTC</createdTime>
<ownerDesignName>LahStud_Baza</ownerDesignName>
<importedID>EBF7D593-B867-D574-789D-E0EB1E1EB7D6</importedID>
<indexState>Unique Plain Index</indexState>
<isSurrogateKey>false</isSurrogateKey>
<indexColumnUsage>
<colUsage columnID="AF710586-37E1-3398-E5CA-DBA566098AF8"/>
</indexColumnUsage>
</ind_PK_UK>
<ind_PK_UK id="DE4D15D2-8975-0404-11D1-A0EE31E54461" name="Project_Team_FK">
<createdBy>Lahcim</createdBy>
<createdTime>2016-05-18 13:04:04 UTC</createdTime>
<generatorID>DF8D2858-3DCC-8F75-CFA7-1A414A83432C</generatorID>
<ownerDesignName>LahStud_Baza</ownerDesignName>
<indexState>Foreign Key</indexState>
<isSurrogateKey>false</isSurrogateKey>
<indexColumnUsage>
<colUsage columnID="AF710586-37E1-3398-E5CA-DBA566098AF8"/>
</indexColumnUsage>
</ind_PK_UK>
<ind_PK_UK id="7BCFBC8F-E7BC-2DBC-9FFA-6151E6B4FA5B" name="Project_Product_FK">
<createdBy>Lahcim</createdBy>
<createdTime>2016-05-18 13:04:04 UTC</createdTime>
<generatorID>630410F1-109C-9E92-ECC3-3FCAE38A8D3C</generatorID>
<ownerDesignName>LahStud_Baza</ownerDesignName>
<indexState>Foreign Key</indexState>
<isSurrogateKey>false</isSurrogateKey>
<indexColumnUsage>
<colUsage columnID="525EC5C0-5EFB-B7B3-0965-D13D17BDD134"/>
</indexColumnUsage>
</ind_PK_UK>
</indexes>
</Table>