<?xml version = '1.0' encoding = 'UTF-8'?>
<Table class="oracle.dbtools.crest.model.design.relational.Table" directorySegmentName="seg_0" id="F703B778-843B-25E2-ED7F-7E59C184AE7A" name="Team">
<createdBy>Lahcim</createdBy>
<createdTime>2016-05-18 13:04:04 UTC</createdTime>
<generatorID>F50EE12D-0C53-8981-7285-630E4C1729C5</generatorID>
<ownerDesignName>LahStud_Baza</ownerDesignName>
<importedID>289B2E62-64F5-389D-0C94-72E82D169273</importedID>
<allowColumnReorder>false</allowColumnReorder>
<existDependencyGenerateInDDl>true</existDependencyGenerateInDDl>
<parsed>true</parsed>
<columns itemClass="oracle.dbtools.crest.model.design.relational.Column">
<Column name="id" id="F2106E93-3F92-AE09-DDDD-53FF4E070711">
<createdBy>Lahcim</createdBy>
<createdTime>2016-05-18 13:04:04 UTC</createdTime>
<generatorID>DE80B2CE-8B81-97F4-ADE0-1B45488D9819</generatorID>
<ownerDesignName>LahStud_Baza</ownerDesignName>
<importedID>5C45978A-79CF-1BBC-D725-A07E8E90BDA1</importedID>
<use>0</use>
<logicalDatatype>LOGDT019</logicalDatatype>
<domain>00C71662-2924-1C01-E411-AC2C45804BE1</domain>
<ownDataTypeParameters>,,</ownDataTypeParameters>
<autoIncrementCycle>false</autoIncrementCycle>
</Column>
<Column name="dept_id" id="B5E77B8F-E24A-8501-E0D2-D4A5170A3E1D">
<createdBy>Lahcim</createdBy>
<createdTime>2016-05-18 13:04:04 UTC</createdTime>
<generatorID>81266FA5-1423-1882-E908-74987EFC2DA9</generatorID>
<ownerDesignName>LahStud_Baza</ownerDesignName>
<importedID>DCED05BF-F540-832B-AC04-8C8257774D37</importedID>
<use>0</use>
<logicalDatatype>LOGDT019</logicalDatatype>
<domain>00C71662-2924-1C01-E411-AC2C45804BE1</domain>
<ownDataTypeParameters>,,</ownDataTypeParameters>
<autoIncrementCycle>false</autoIncrementCycle>
<associations>
<colAssociation fkAssociation="E1DCDB1C-35B9-ED82-60C2-66107DDF0089" referredColumn="554E96AC-230B-DEE5-BDC7-72127DA6AC8C"/>
</associations>
</Column>
<Column name="project_id" id="E4A63F5D-DCEC-2B2B-DD79-1B274F4F7020">
<createdBy>Lahcim</createdBy>
<createdTime>2016-05-18 13:04:04 UTC</createdTime>
<generatorID>B7791737-B898-4754-DB0A-C0F2003142DB</generatorID>
<ownerDesignName>LahStud_Baza</ownerDesignName>
<importedID>32037584-E01C-711E-B94F-BEF13DF65085</importedID>
<use>0</use>
<logicalDatatype>LOGDT019</logicalDatatype>
<domain>00C71662-2924-1C01-E411-AC2C45804BE1</domain>
<ownDataTypeParameters>,,</ownDataTypeParameters>
<autoIncrementCycle>false</autoIncrementCycle>
<associations>
<colAssociation fkAssociation="6CCEB32D-25CA-3D3B-FB0E-200020DA62C9" referredColumn="479A636E-CA6C-440E-0099-93844F6C1871"/>
</associations>
</Column>
</columns>
<indexes itemClass="oracle.dbtools.crest.model.design.relational.Index">
<ind_PK_UK id="7C1BF63C-E1B4-B5AD-AF2B-8B06EF7BD63D" name="Team_PK">
<createdBy>Lahcim</createdBy>
<createdTime>2016-05-18 13:04:04 UTC</createdTime>
<generatorID>4D892121-1799-52B4-C0BD-B42227B8D3C2</generatorID>
<ownerDesignName>LahStud_Baza</ownerDesignName>
<importedID>01BF7B6E-3CAA-D2AE-A730-EBBA68E42CF8</importedID>
<pk>true</pk>
<indexState>Primary Constraint</indexState>
<isSurrogateKey>false</isSurrogateKey>
<indexColumnUsage>
<colUsage columnID="F2106E93-3F92-AE09-DDDD-53FF4E070711"/>
</indexColumnUsage>
</ind_PK_UK>
<ind_PK_UK id="066828C8-1905-69DD-CAA9-920C0F31D735" name="Team__IDX">
<createdBy>Lahcim</createdBy>
<createdTime>2016-05-18 13:04:04 UTC</createdTime>
<ownerDesignName>LahStud_Baza</ownerDesignName>
<importedID>D09F8909-DD72-B765-DEAB-967D8CA3C5DB</importedID>
<indexState>Unique Plain Index</indexState>
<isSurrogateKey>false</isSurrogateKey>
<indexColumnUsage>
<colUsage columnID="E4A63F5D-DCEC-2B2B-DD79-1B274F4F7020"/>
</indexColumnUsage>
</ind_PK_UK>
<ind_PK_UK id="58250353-92FB-20E9-C7AA-560F032CF109" name="Team_Dept_FK">
<createdBy>Lahcim</createdBy>
<createdTime>2016-05-18 13:04:04 UTC</createdTime>
<generatorID>427ADD58-8C67-4396-47E4-D2F9EC9E7226</generatorID>
<ownerDesignName>LahStud_Baza</ownerDesignName>
<indexState>Foreign Key</indexState>
<isSurrogateKey>false</isSurrogateKey>
<indexColumnUsage>
<colUsage columnID="B5E77B8F-E24A-8501-E0D2-D4A5170A3E1D"/>
</indexColumnUsage>
</ind_PK_UK>
<ind_PK_UK id="506F4B74-E1A3-EC80-96A2-D207FB438A4D" name="Team_Project_FK">
<createdBy>Lahcim</createdBy>
<createdTime>2016-05-18 13:04:04 UTC</createdTime>
<generatorID>CF7D927A-8BF4-37AC-8FCA-BC2029AC5EFA</generatorID>
<ownerDesignName>LahStud_Baza</ownerDesignName>
<indexState>Foreign Key</indexState>
<isSurrogateKey>false</isSurrogateKey>
<indexColumnUsage>
<colUsage columnID="E4A63F5D-DCEC-2B2B-DD79-1B274F4F7020"/>
</indexColumnUsage>
</ind_PK_UK>
</indexes>
</Table>