<?xml version = '1.0' encoding = 'UTF-8'?>
<relationalModel class="oracle.dbtools.crest.model.design.relational.RelationalDesign" name="LahStud_Relational" id="20A7915D-07E7-2822-A7CC-9DF8920D9921" mainViewID="70329843-2093-9628-D995-3633EC202692">
<createdBy>Lahcim</createdBy>
<createdTime>2016-05-18 10:44:27 UTC</createdTime>
<ownerDesignName>LahStud_Baza</ownerDesignName>
<shouldBeOpen>false</shouldBeOpen>
<selectedRDBMSSite>32076570-2523-435C-2E92-BF29817DFF70</selectedRDBMSSite>
</relationalModel>