<?xml version = '1.0' encoding = 'UTF-8'?>
<relationalModel class="oracle.dbtools.crest.model.design.relational.RelationalDesign" name="LahStud_Relational" id="D466DE1F-81ED-D43D-233D-DEE6704EF09E" mainViewID="2D4212C4-0993-CA92-C0D5-298A77E2B84D">
<createdBy>Lahcim</createdBy>
<createdTime>2016-05-18 13:04:02 UTC</createdTime>
<ownerDesignName>LahStud_Baza</ownerDesignName>
<shouldBeOpen>false</shouldBeOpen>
<selectedRDBMSSite>32076570-2523-435C-2E92-BF29817DFF70</selectedRDBMSSite>
</relationalModel>