<?xml version = '1.0' encoding = 'UTF-8'?>
<FKIndexAssociation class="oracle.dbtools.crest.model.design.relational.FKIndexAssociation" directorySegmentName="seg_0" id="09263573-6427-5255-8D42-8D2DF2FF4E5D" containerWithKeyObject="D35E4642-B0DC-FC69-703C-8A6B7455AE0E" localFKIndex="52271134-158A-02D3-7E32-7757A8A4CDBD" name="Emp_Emp_FK">
<createdBy>Lahcim</createdBy>
<createdTime>2016-05-18 13:04:04 UTC</createdTime>
<generatorID>BAA2FA7B-0DE5-CF6F-533E-4109FED03B1F</generatorID>
<ownerDesignName>LahStud_Baza</ownerDesignName>
<importedID>2EE3752E-24DD-6CFC-C195-9962A180AF4F</importedID>
<deleteRule>NO ACTION</deleteRule>
<referredTableID>D35E4642-B0DC-FC69-703C-8A6B7455AE0E</referredTableID>
<keyObject>F12FE843-6847-5CED-2663-C87B8C200564</keyObject>
<referredKeyID>F12FE843-6847-5CED-2663-C87B8C200564</referredKeyID>
<mandatory>true</mandatory>
<transferable>true</transferable>
<rely>false</rely>
<columnDependencyConstraintGenerateInDDL>true</columnDependencyConstraintGenerateInDDL>
</FKIndexAssociation>