<?xml version = '1.0' encoding = 'UTF-8'?>
<FKIndexAssociation class="oracle.dbtools.crest.model.design.relational.FKIndexAssociation" directorySegmentName="seg_0" id="3F8315A7-15CB-7B4D-79A1-53B124466A6C" containerWithKeyObject="F58BB282-76BA-7C36-C852-DA5679728EEB" localFKIndex="7BCFBC8F-E7BC-2DBC-9FFA-6151E6B4FA5B" name="Project_Product_FK">
<createdBy>Lahcim</createdBy>
<createdTime>2016-05-18 13:04:04 UTC</createdTime>
<generatorID>630410F1-109C-9E92-ECC3-3FCAE38A8D3C</generatorID>
<ownerDesignName>LahStud_Baza</ownerDesignName>
<importedID>4570FFE6-22B9-7665-2DC1-8120D5981B26</importedID>
<deleteRule>NO ACTION</deleteRule>
<referredTableID>35DA856F-E251-B307-B9D0-61AD167B2AFA</referredTableID>
<keyObject>1E6281C6-2DF7-DF44-18E9-1C9400765AFB</keyObject>
<referredKeyID>1E6281C6-2DF7-DF44-18E9-1C9400765AFB</referredKeyID>
<mandatory>true</mandatory>
<transferable>true</transferable>
<rely>false</rely>
<columnDependencyConstraintGenerateInDDL>true</columnDependencyConstraintGenerateInDDL>
</FKIndexAssociation>