<?xml version = '1.0' encoding = 'UTF-8'?>
<FKIndexAssociation class="oracle.dbtools.crest.model.design.relational.FKIndexAssociation" directorySegmentName="seg_0" id="6CCEB32D-25CA-3D3B-FB0E-200020DA62C9" containerWithKeyObject="F703B778-843B-25E2-ED7F-7E59C184AE7A" localFKIndex="506F4B74-E1A3-EC80-96A2-D207FB438A4D" name="Team_Project_FK">
<createdBy>Lahcim</createdBy>
<createdTime>2016-05-18 13:04:04 UTC</createdTime>
<generatorID>CF7D927A-8BF4-37AC-8FCA-BC2029AC5EFA</generatorID>
<ownerDesignName>LahStud_Baza</ownerDesignName>
<importedID>6AC7E13E-C146-923C-29F9-B8A7A80FF09E</importedID>
<deleteRule>NO ACTION</deleteRule>
<referredTableID>F58BB282-76BA-7C36-C852-DA5679728EEB</referredTableID>
<keyObject>BA1B4991-D958-104D-57BA-410EDBC2B1C9</keyObject>
<referredKeyID>BA1B4991-D958-104D-57BA-410EDBC2B1C9</referredKeyID>
<mandatory>true</mandatory>
<transferable>true</transferable>
<rely>false</rely>
<columnDependencyConstraintGenerateInDDL>true</columnDependencyConstraintGenerateInDDL>
</FKIndexAssociation>