<?xml version = '1.0' encoding = 'UTF-8'?>
<FKIndexAssociation class="oracle.dbtools.crest.model.design.relational.FKIndexAssociation" directorySegmentName="seg_0" id="88064DB0-A11E-05FA-B3C8-316A9612DF7B" containerWithKeyObject="C46AF185-4B32-E101-6951-9304F20557D9" localFKIndex="D57BFCFD-BD79-C9FC-F67F-B7261D4C7D8D" name="Dept_Emp_FK">
<createdBy>Lahcim</createdBy>
<createdTime>2016-05-18 13:04:04 UTC</createdTime>
<generatorID>60C4926D-6CAC-BC30-60C1-F949D7EB28E3</generatorID>
<ownerDesignName>LahStud_Baza</ownerDesignName>
<importedID>2EE3752E-24DD-6CFC-C195-9962A180AF4F</importedID>
<deleteRule>NO ACTION</deleteRule>
<referredTableID>D35E4642-B0DC-FC69-703C-8A6B7455AE0E</referredTableID>
<keyObject>F12FE843-6847-5CED-2663-C87B8C200564</keyObject>
<referredKeyID>F12FE843-6847-5CED-2663-C87B8C200564</referredKeyID>
<mandatory>true</mandatory>
<transferable>true</transferable>
<rely>false</rely>
<columnDependencyConstraintGenerateInDDL>true</columnDependencyConstraintGenerateInDDL>
</FKIndexAssociation>