<?xml version = '1.0' encoding = 'UTF-8'?>
<FKIndexAssociation class="oracle.dbtools.crest.model.design.relational.FKIndexAssociation" directorySegmentName="seg_0" id="95C7B945-E2A1-3496-C398-4F6CBBBB0C01" containerWithKeyObject="F58BB282-76BA-7C36-C852-DA5679728EEB" localFKIndex="DE4D15D2-8975-0404-11D1-A0EE31E54461" name="Project_Team_FK">
<createdBy>Lahcim</createdBy>
<createdTime>2016-05-18 13:04:04 UTC</createdTime>
<generatorID>DF8D2858-3DCC-8F75-CFA7-1A414A83432C</generatorID>
<ownerDesignName>LahStud_Baza</ownerDesignName>
<importedID>289B2E62-64F5-389D-0C94-72E82D169273</importedID>
<deleteRule>NO ACTION</deleteRule>
<referredTableID>F703B778-843B-25E2-ED7F-7E59C184AE7A</referredTableID>
<keyObject>7C1BF63C-E1B4-B5AD-AF2B-8B06EF7BD63D</keyObject>
<referredKeyID>7C1BF63C-E1B4-B5AD-AF2B-8B06EF7BD63D</referredKeyID>
<mandatory>true</mandatory>
<transferable>true</transferable>
<rely>false</rely>
<columnDependencyConstraintGenerateInDDL>true</columnDependencyConstraintGenerateInDDL>
</FKIndexAssociation>