<?xml version = '1.0' encoding = 'UTF-8'?>
<FKIndexAssociation class="oracle.dbtools.crest.model.design.relational.FKIndexAssociation" directorySegmentName="seg_0" id="CEFB4E50-2A35-25BC-7A7A-5D4246DC31CB" containerWithKeyObject="D35E4642-B0DC-FC69-703C-8A6B7455AE0E" localFKIndex="7EFCC2B1-C408-99C6-3AA6-E2297C75346A" name="Emp_Team_FK">
<createdBy>Lahcim</createdBy>
<createdTime>2016-05-18 13:04:04 UTC</createdTime>
<generatorID>6342EE0B-75C5-8E8A-59A8-B37F5E6DBCB6</generatorID>
<ownerDesignName>LahStud_Baza</ownerDesignName>
<importedID>289B2E62-64F5-389D-0C94-72E82D169273</importedID>
<deleteRule>NO ACTION</deleteRule>
<referredTableID>F703B778-843B-25E2-ED7F-7E59C184AE7A</referredTableID>
<keyObject>7C1BF63C-E1B4-B5AD-AF2B-8B06EF7BD63D</keyObject>
<referredKeyID>7C1BF63C-E1B4-B5AD-AF2B-8B06EF7BD63D</referredKeyID>
<mandatory>true</mandatory>
<transferable>true</transferable>
<rely>false</rely>
<columnDependencyConstraintGenerateInDDL>true</columnDependencyConstraintGenerateInDDL>
</FKIndexAssociation>