<?xml version = '1.0' encoding = 'UTF-8'?>
<FKIndexAssociation class="oracle.dbtools.crest.model.design.relational.FKIndexAssociation" directorySegmentName="seg_0" id="E1DCDB1C-35B9-ED82-60C2-66107DDF0089" containerWithKeyObject="F703B778-843B-25E2-ED7F-7E59C184AE7A" localFKIndex="58250353-92FB-20E9-C7AA-560F032CF109" name="Team_Dept_FK">
<createdBy>Lahcim</createdBy>
<createdTime>2016-05-18 13:04:04 UTC</createdTime>
<generatorID>427ADD58-8C67-4396-47E4-D2F9EC9E7226</generatorID>
<ownerDesignName>LahStud_Baza</ownerDesignName>
<importedID>A4957FA7-54FA-B2EC-17A0-30EC5136D129</importedID>
<deleteRule>NO ACTION</deleteRule>
<referredTableID>C46AF185-4B32-E101-6951-9304F20557D9</referredTableID>
<keyObject>26B44CE5-7A88-B1FA-163F-697BDF088240</keyObject>
<referredKeyID>26B44CE5-7A88-B1FA-163F-697BDF088240</referredKeyID>
<mandatory>true</mandatory>
<transferable>true</transferable>
<rely>false</rely>
<columnDependencyConstraintGenerateInDDL>true</columnDependencyConstraintGenerateInDDL>
</FKIndexAssociation>