<?xml version = '1.0' encoding = 'UTF-8'?>
<Diagram class="oracle.dbtools.crest.swingui.relational.DPVRelational" name="LahStud_Relational" id="2D4212C4-0993-CA92-C0D5-298A77E2B84D">
<createdBy>Lahcim</createdBy>
<modifiedBy>Lahcim</modifiedBy>
<createdTime>2016-05-18 13:04:04 UTC</createdTime>
<autoRoute>false</autoRoute>
<boxInbox>true</boxInbox>
<showLegend>false</showLegend>
<showLabels>false</showLabels>
<showRelAttributes>false</showRelAttributes>
<gridEnabled>false</gridEnabled>
<showGrid>false</showGrid>
<diagramColor>-1</diagramColor>
<display>false</display>
<notation>1</notation>
<objectViews>
<OView class="oracle.dbtools.crest.swingui.relational.TVTable" oid="35DA856F-E251-B307-B9D0-61AD167B2AFA" otype="Table" vid="BB16D194-0BA6-79FE-3DC6-9F638C99B890">
<hideElementsInCurrentOnly>false</hideElementsInCurrentOnly>
<bounds x="429" y="269" width="211" height="102"/>
</OView>
<OView class="oracle.dbtools.crest.swingui.relational.TVTable" oid="C46AF185-4B32-E101-6951-9304F20557D9" otype="Table" vid="A453BDF2-8912-C174-5D9B-976171EADAD7">
<hideElementsInCurrentOnly>false</hideElementsInCurrentOnly>
<bounds x="397" y="109" width="172" height="128"/>
</OView>
<OView class="oracle.dbtools.crest.swingui.relational.TVTable" oid="D35E4642-B0DC-FC69-703C-8A6B7455AE0E" otype="Table" vid="752FF245-D811-F06F-17EE-1A971CC8C3AD">
<hideElementsInCurrentOnly>false</hideElementsInCurrentOnly>
<bounds x="103" y="127" width="193" height="192"/>
</OView>
<OView class="oracle.dbtools.crest.swingui.relational.TVTable" oid="F58BB282-76BA-7C36-C852-DA5679728EEB" otype="Table" vid="22C14316-57B0-ED53-0BB5-E11734276ECF">
<hideElementsInCurrentOnly>false</hideElementsInCurrentOnly>
<bounds x="433" y="402" width="201" height="198"/>
</OView>
<OView class="oracle.dbtools.crest.swingui.relational.TVTable" oid="F703B778-843B-25E2-ED7F-7E59C184AE7A" otype="Table" vid="52981B65-1E35-E5ED-5A12-9E013148049F">
<hideElementsInCurrentOnly>false</hideElementsInCurrentOnly>
<bounds x="114" y="384" width="180" height="142"/>
</OView>
</objectViews>
<connectors>
<Connector class="oracle.dbtools.crest.swingui.relational.TVFKRelation" oid="09263573-6427-5255-8D42-8D2DF2FF4E5D" otype="FKIndexAssociation" vid_source="752FF245-D811-F06F-17EE-1A971CC8C3AD" vid_target="752FF245-D811-F06F-17EE-1A971CC8C3AD">
<hideElementsInCurrentOnly>false</hideElementsInCurrentOnly>
<lineWidth>1</lineWidth>
<points>
<point x="296" y="155"/>
<point x="360" y="155"/>
<point x="360" y="61"/>
<point x="280" y="61"/>
<point x="280" y="127"/>
</points>
</Connector>
<Connector class="oracle.dbtools.crest.swingui.relational.TVFKRelation" oid="3F8315A7-15CB-7B4D-79A1-53B124466A6C" otype="FKIndexAssociation" vid_source="BB16D194-0BA6-79FE-3DC6-9F638C99B890" vid_target="22C14316-57B0-ED53-0BB5-E11734276ECF">
<hideElementsInCurrentOnly>false</hideElementsInCurrentOnly>
<lineWidth>1</lineWidth>
<points>
<point x="533" y="371"/>
<point x="533" y="402"/>
</points>
</Connector>
<Connector class="oracle.dbtools.crest.swingui.relational.TVFKRelation" oid="6CCEB32D-25CA-3D3B-FB0E-200020DA62C9" otype="FKIndexAssociation" vid_source="22C14316-57B0-ED53-0BB5-E11734276ECF" vid_target="52981B65-1E35-E5ED-5A12-9E013148049F">
<hideElementsInCurrentOnly>false</hideElementsInCurrentOnly>
<lineWidth>1</lineWidth>
<points>
<point x="433" y="458"/>
<point x="294" y="458"/>
</points>
</Connector>
<Connector class="oracle.dbtools.crest.swingui.relational.TVFKRelation" oid="88064DB0-A11E-05FA-B3C8-316A9612DF7B" otype="FKIndexAssociation" vid_source="752FF245-D811-F06F-17EE-1A971CC8C3AD" vid_target="A453BDF2-8912-C174-5D9B-976171EADAD7">
<hideElementsInCurrentOnly>false</hideElementsInCurrentOnly>
<lineWidth>1</lineWidth>
<points>
<point x="296" y="192"/>
<point x="397" y="192"/>
</points>
</Connector>
<Connector class="oracle.dbtools.crest.swingui.relational.TVFKRelation" oid="95C7B945-E2A1-3496-C398-4F6CBBBB0C01" otype="FKIndexAssociation" vid_source="52981B65-1E35-E5ED-5A12-9E013148049F" vid_target="22C14316-57B0-ED53-0BB5-E11734276ECF">
<hideElementsInCurrentOnly>false</hideElementsInCurrentOnly>
<lineWidth>1</lineWidth>
<points>
<point x="294" y="448"/>
<point x="433" y="448"/>
</points>
</Connector>
<Connector class="oracle.dbtools.crest.swingui.relational.TVFKRelation" oid="CEFB4E50-2A35-25BC-7A7A-5D4246DC31CB" otype="FKIndexAssociation" vid_source="52981B65-1E35-E5ED-5A12-9E013148049F" vid_target="752FF245-D811-F06F-17EE-1A971CC8C3AD">
<hideElementsInCurrentOnly>false</hideElementsInCurrentOnly>
<lineWidth>1</lineWidth>
<points>
<point x="204" y="384"/>
<point x="204" y="319"/>
</points>
</Connector>
<Connector class="oracle.dbtools.crest.swingui.relational.TVFKRelation" oid="E1DCDB1C-35B9-ED82-60C2-66107DDF0089" otype="FKIndexAssociation" vid_source="A453BDF2-8912-C174-5D9B-976171EADAD7" vid_target="52981B65-1E35-E5ED-5A12-9E013148049F">
<hideElementsInCurrentOnly>false</hideElementsInCurrentOnly>
<lineWidth>1</lineWidth>
<points>
<point x="408" y="237"/>
<point x="408" y="430"/>
<point x="294" y="430"/>
</points>
</Connector>
</connectors>
</Diagram>