<?xml version = '1.0' encoding = 'UTF-8'?>
<FKIndexAssociation class="oracle.dbtools.crest.model.design.relational.FKIndexAssociation" directorySegmentName="seg_0" id="3CDA1912-33EE-2CA4-AAA8-BDB822EF1D26" containerWithKeyObject="A4957FA7-54FA-B2EC-17A0-30EC5136D129" localFKIndex="99BE7586-7EE3-CBB3-6A1A-AE27EF89AF08" name="Dept_Emp_FK">
<createdBy>Lahcim</createdBy>
<createdTime>2016-05-18 12:27:26 UTC</createdTime>
<generatorID>60C4926D-6CAC-BC30-60C1-F949D7EB28E3</generatorID>
<ownerDesignName>LahStud_Baza</ownerDesignName>
<deleteRule>NO ACTION</deleteRule>
<referredTableID>2EE3752E-24DD-6CFC-C195-9962A180AF4F</referredTableID>
<keyObject>D1EEDD4D-7D45-60B5-19D0-E9F98E279F7F</keyObject>
<referredKeyID>D1EEDD4D-7D45-60B5-19D0-E9F98E279F7F</referredKeyID>
<mandatory>true</mandatory>
<transferable>true</transferable>
<rely>false</rely>
<columnDependencyConstraintGenerateInDDL>true</columnDependencyConstraintGenerateInDDL>
</FKIndexAssociation>