<?xml version = '1.0' encoding = 'UTF-8'?>
<FKIndexAssociation class="oracle.dbtools.crest.model.design.relational.FKIndexAssociation" directorySegmentName="seg_0" id="3FBEF693-65AD-32E4-5D38-C862192D503E" containerWithKeyObject="2EE3752E-24DD-6CFC-C195-9962A180AF4F" localFKIndex="73D8A5DB-54EA-83E7-D020-02AEE83E6A2F" name="Emp_Emp_FK">
<createdBy>Lahcim</createdBy>
<createdTime>2016-05-18 12:27:26 UTC</createdTime>
<generatorID>BAA2FA7B-0DE5-CF6F-533E-4109FED03B1F</generatorID>
<ownerDesignName>LahStud_Baza</ownerDesignName>
<deleteRule>NO ACTION</deleteRule>
<referredTableID>2EE3752E-24DD-6CFC-C195-9962A180AF4F</referredTableID>
<keyObject>D1EEDD4D-7D45-60B5-19D0-E9F98E279F7F</keyObject>
<referredKeyID>D1EEDD4D-7D45-60B5-19D0-E9F98E279F7F</referredKeyID>
<mandatory>true</mandatory>
<transferable>true</transferable>
<rely>false</rely>
<columnDependencyConstraintGenerateInDDL>true</columnDependencyConstraintGenerateInDDL>
</FKIndexAssociation>