<?xml version = '1.0' encoding = 'UTF-8'?>
<FKIndexAssociation class="oracle.dbtools.crest.model.design.relational.FKIndexAssociation" directorySegmentName="seg_0" id="58BB99B4-1811-AA6B-CDF3-776A45CDCE04" containerWithKeyObject="2EE3752E-24DD-6CFC-C195-9962A180AF4F" localFKIndex="DFFB2CBB-9134-AED6-9C21-09C9A23E3FC8" name="Emp_Team_FK">
<createdBy>Lahcim</createdBy>
<createdTime>2016-05-18 12:27:26 UTC</createdTime>
<generatorID>6342EE0B-75C5-8E8A-59A8-B37F5E6DBCB6</generatorID>
<ownerDesignName>LahStud_Baza</ownerDesignName>
<deleteRule>NO ACTION</deleteRule>
<referredTableID>289B2E62-64F5-389D-0C94-72E82D169273</referredTableID>
<keyObject>01BF7B6E-3CAA-D2AE-A730-EBBA68E42CF8</keyObject>
<referredKeyID>01BF7B6E-3CAA-D2AE-A730-EBBA68E42CF8</referredKeyID>
<mandatory>true</mandatory>
<transferable>true</transferable>
<rely>false</rely>
<columnDependencyConstraintGenerateInDDL>true</columnDependencyConstraintGenerateInDDL>
</FKIndexAssociation>