<?xml version = '1.0' encoding = 'UTF-8'?>
<FKIndexAssociation class="oracle.dbtools.crest.model.design.relational.FKIndexAssociation" directorySegmentName="seg_0" id="5F27F74C-2484-1479-FF30-0AA4B640AC3D" containerWithKeyObject="6AC7E13E-C146-923C-29F9-B8A7A80FF09E" localFKIndex="4B8AFC53-8A5B-4BBB-1252-338C459D8949" name="Project_Team_FK">
<createdBy>Lahcim</createdBy>
<createdTime>2016-05-18 12:27:26 UTC</createdTime>
<generatorID>DF8D2858-3DCC-8F75-CFA7-1A414A83432C</generatorID>
<ownerDesignName>LahStud_Baza</ownerDesignName>
<deleteRule>NO ACTION</deleteRule>
<referredTableID>289B2E62-64F5-389D-0C94-72E82D169273</referredTableID>
<keyObject>01BF7B6E-3CAA-D2AE-A730-EBBA68E42CF8</keyObject>
<referredKeyID>01BF7B6E-3CAA-D2AE-A730-EBBA68E42CF8</referredKeyID>
<mandatory>true</mandatory>
<transferable>true</transferable>
<rely>false</rely>
<columnDependencyConstraintGenerateInDDL>true</columnDependencyConstraintGenerateInDDL>
</FKIndexAssociation>