<?xml version = '1.0' encoding = 'UTF-8'?>
<FKIndexAssociation class="oracle.dbtools.crest.model.design.relational.FKIndexAssociation" directorySegmentName="seg_0" id="674F99C4-1953-9654-33BC-A1382920501B" containerWithKeyObject="289B2E62-64F5-389D-0C94-72E82D169273" localFKIndex="EB6625DC-4775-2F4D-E890-E7FABF7DBE33" name="Team_Dept_FK">
<createdBy>Lahcim</createdBy>
<createdTime>2016-05-18 12:27:26 UTC</createdTime>
<generatorID>427ADD58-8C67-4396-47E4-D2F9EC9E7226</generatorID>
<ownerDesignName>LahStud_Baza</ownerDesignName>
<deleteRule>NO ACTION</deleteRule>
<referredTableID>A4957FA7-54FA-B2EC-17A0-30EC5136D129</referredTableID>
<keyObject>4A5E7B5C-E1A1-3145-EAF8-E3167F70A29D</keyObject>
<referredKeyID>4A5E7B5C-E1A1-3145-EAF8-E3167F70A29D</referredKeyID>
<mandatory>true</mandatory>
<transferable>true</transferable>
<rely>false</rely>
<columnDependencyConstraintGenerateInDDL>true</columnDependencyConstraintGenerateInDDL>
</FKIndexAssociation>