<?xml version = '1.0' encoding = 'UTF-8'?>
<FKIndexAssociation class="oracle.dbtools.crest.model.design.relational.FKIndexAssociation" directorySegmentName="seg_0" id="89C65DBD-47E5-2420-7705-EB2D33B7F548" containerWithKeyObject="6AC7E13E-C146-923C-29F9-B8A7A80FF09E" localFKIndex="5B3BCD23-4256-B1C9-2DC1-89D6D2BE2815" name="Project_Product_FK">
<createdBy>Lahcim</createdBy>
<createdTime>2016-05-18 12:27:26 UTC</createdTime>
<generatorID>630410F1-109C-9E92-ECC3-3FCAE38A8D3C</generatorID>
<ownerDesignName>LahStud_Baza</ownerDesignName>
<deleteRule>NO ACTION</deleteRule>
<referredTableID>4570FFE6-22B9-7665-2DC1-8120D5981B26</referredTableID>
<keyObject>A815D05D-5003-4119-EC5E-4774B538ECC4</keyObject>
<referredKeyID>A815D05D-5003-4119-EC5E-4774B538ECC4</referredKeyID>
<mandatory>true</mandatory>
<transferable>true</transferable>
<rely>false</rely>
<columnDependencyConstraintGenerateInDDL>true</columnDependencyConstraintGenerateInDDL>
</FKIndexAssociation>