<?xml version = '1.0' encoding = 'UTF-8'?>
<FKIndexAssociation class="oracle.dbtools.crest.model.design.relational.FKIndexAssociation" directorySegmentName="seg_0" id="E0679942-92FF-E7B7-50A3-21A73431ABA2" containerWithKeyObject="289B2E62-64F5-389D-0C94-72E82D169273" localFKIndex="EF446FA8-5E67-3E01-52A2-E817415214BC" name="Team_Project_FK">
<createdBy>Lahcim</createdBy>
<createdTime>2016-05-18 12:27:26 UTC</createdTime>
<generatorID>CF7D927A-8BF4-37AC-8FCA-BC2029AC5EFA</generatorID>
<ownerDesignName>LahStud_Baza</ownerDesignName>
<deleteRule>NO ACTION</deleteRule>
<referredTableID>6AC7E13E-C146-923C-29F9-B8A7A80FF09E</referredTableID>
<keyObject>47C8483B-0C6C-DA66-9E23-342DD7BCA9FE</keyObject>
<referredKeyID>47C8483B-0C6C-DA66-9E23-342DD7BCA9FE</referredKeyID>
<mandatory>true</mandatory>
<transferable>true</transferable>
<rely>false</rely>
<columnDependencyConstraintGenerateInDDL>true</columnDependencyConstraintGenerateInDDL>
</FKIndexAssociation>