<?xml version = '1.0' encoding = 'UTF-8'?>
<Relation class="oracle.dbtools.crest.model.design.logical.Relation" name="Relation_10" directorySegmentName="seg_0" id="094734C1-6193-1EF3-D94E-4BF09ECFD7B0">
<createdBy>Lahcim</createdBy>
<createdTime>2016-05-18 13:04:04 UTC</createdTime>
<ownerDesignName>LahStud_Baza</ownerDesignName>
<importedID>427ADD58-8C67-4396-47E4-D2F9EC9E7226</importedID>
<engineerTo>
<item key="D466DE1F-81ED-D43D-233D-DEE6704EF09E" value="true"/>
</engineerTo>
<sourcePk>B6318EB3-8F22-313C-9342-ECD49C23A3C5</sourcePk>
<identifying>false</identifying>
<optionalSource>true</optionalSource>
<optionalTarget>false</optionalTarget>
<sourceCardinality>1</sourceCardinality>
<sourceEntity>DCEA34FA-2ED1-C6DC-A214-9F3FE4CFE536</sourceEntity>
<targetCardinalityString>*</targetCardinalityString>
<targetEntity>F50EE12D-0C53-8981-7285-630E4C1729C5</targetEntity>
<transferable>true</transferable>
<deleteRule>NO ACTION</deleteRule>
</Relation>