<?xml version = '1.0' encoding = 'UTF-8'?>
<Relation class="oracle.dbtools.crest.model.design.logical.Relation" name="Relation_8" directorySegmentName="seg_0" id="14629D33-9A03-5758-FB5A-038321F44969">
<createdBy>Lahcim</createdBy>
<createdTime>2016-05-18 13:04:04 UTC</createdTime>
<ownerDesignName>LahStud_Baza</ownerDesignName>
<importedID>6342EE0B-75C5-8E8A-59A8-B37F5E6DBCB6</importedID>
<engineerTo>
<item key="D466DE1F-81ED-D43D-233D-DEE6704EF09E" value="true"/>
</engineerTo>
<sourcePk>4D892121-1799-52B4-C0BD-B42227B8D3C2</sourcePk>
<identifying>false</identifying>
<optionalSource>true</optionalSource>
<optionalTarget>false</optionalTarget>
<sourceCardinality>1</sourceCardinality>
<sourceEntity>F50EE12D-0C53-8981-7285-630E4C1729C5</sourceEntity>
<targetCardinalityString>*</targetCardinalityString>
<targetEntity>35DCE366-0C18-17D9-F87F-4C2221498F2F</targetEntity>
<transferable>true</transferable>
<deleteRule>NO ACTION</deleteRule>
</Relation>