<?xml version = '1.0' encoding = 'UTF-8'?>
<Relation class="oracle.dbtools.crest.model.design.logical.Relation" name="Relation_10" directorySegmentName="seg_0" id="427ADD58-8C67-4396-47E4-D2F9EC9E7226">
<createdBy>Lahcim</createdBy>
<createdTime>2016-05-18 11:27:06 UTC</createdTime>
<ownerDesignName>LahStud_Baza</ownerDesignName>
<engineerTo>
<item key="20A7915D-07E7-2822-A7CC-9DF8920D9921" value="true"/>
</engineerTo>
<sourcePk>CA45321C-B876-7EC3-E616-292EBAF8EE1B</sourcePk>
<identifying>false</identifying>
<optionalSource>true</optionalSource>
<optionalTarget>false</optionalTarget>
<sourceCardinality>1</sourceCardinality>
<sourceEntity>91543564-7B1E-A862-ABFB-9065B2AFEEA0</sourceEntity>
<targetCardinalityString>*</targetCardinalityString>
<targetEntity>ECB1F665-6E08-414F-A79D-3D118B3B4F30</targetEntity>
<transferable>true</transferable>
<deleteRule>NO ACTION</deleteRule>
</Relation>