<?xml version = '1.0' encoding = 'UTF-8'?>
<Relation class="oracle.dbtools.crest.model.design.logical.Relation" name="Relation_18" directorySegmentName="seg_0" id="49EBDE50-A47A-A5BA-C180-1E4E10C00BC8">
<createdBy>Lahcim</createdBy>
<createdTime>2016-05-18 13:04:04 UTC</createdTime>
<ownerDesignName>LahStud_Baza</ownerDesignName>
<importedID>60C4926D-6CAC-BC30-60C1-F949D7EB28E3</importedID>
<engineerTo>
<item key="D466DE1F-81ED-D43D-233D-DEE6704EF09E" value="true"/>
</engineerTo>
<sourcePk>4B86CD3B-A95A-9B54-C774-43F7D85F290D</sourcePk>
<identifying>false</identifying>
<optionalSource>true</optionalSource>
<optionalTarget>false</optionalTarget>
<sourceCardinality>1</sourceCardinality>
<sourceEntity>35DCE366-0C18-17D9-F87F-4C2221498F2F</sourceEntity>
<targetCardinalityString>1</targetCardinalityString>
<targetEntity>DCEA34FA-2ED1-C6DC-A214-9F3FE4CFE536</targetEntity>
<transferable>true</transferable>
<deleteRule>NO ACTION</deleteRule>
</Relation>