<?xml version = '1.0' encoding = 'UTF-8'?>
<Relation class="oracle.dbtools.crest.model.design.logical.Relation" name="Relation_12" directorySegmentName="seg_0" id="4CF69863-5D51-83EB-4829-50DDD49CE203">
<createdBy>Lahcim</createdBy>
<createdTime>2016-05-18 13:04:04 UTC</createdTime>
<ownerDesignName>LahStud_Baza</ownerDesignName>
<importedID>DF8D2858-3DCC-8F75-CFA7-1A414A83432C</importedID>
<engineerTo>
<item key="D466DE1F-81ED-D43D-233D-DEE6704EF09E" value="true"/>
</engineerTo>
<sourcePk>4D892121-1799-52B4-C0BD-B42227B8D3C2</sourcePk>
<identifying>false</identifying>
<optionalSource>true</optionalSource>
<optionalTarget>false</optionalTarget>
<sourceCardinality>1</sourceCardinality>
<sourceEntity>F50EE12D-0C53-8981-7285-630E4C1729C5</sourceEntity>
<targetCardinalityString>1</targetCardinalityString>
<targetEntity>B36049DA-1642-3CD3-1237-8A3D1512BA7B</targetEntity>
<transferable>true</transferable>
<deleteRule>NO ACTION</deleteRule>
</Relation>