<?xml version = '1.0' encoding = 'UTF-8'?>
<Relation class="oracle.dbtools.crest.model.design.logical.Relation" name="Relation_18" directorySegmentName="seg_0" id="60C4926D-6CAC-BC30-60C1-F949D7EB28E3">
<createdBy>Lahcim</createdBy>
<createdTime>2016-05-18 12:22:02 UTC</createdTime>
<ownerDesignName>LahStud_Baza</ownerDesignName>
<engineerTo>
<item key="20A7915D-07E7-2822-A7CC-9DF8920D9921" value="true"/>
</engineerTo>
<sourcePk>BBD7F9DF-33A2-8FC4-D224-411859419A7E</sourcePk>
<identifying>false</identifying>
<optionalSource>true</optionalSource>
<optionalTarget>false</optionalTarget>
<sourceCardinality>1</sourceCardinality>
<sourceEntity>A6E1C768-08E5-2C5C-8A2B-4A340E8EABF8</sourceEntity>
<targetCardinalityString>1</targetCardinalityString>
<targetEntity>91543564-7B1E-A862-ABFB-9065B2AFEEA0</targetEntity>
<transferable>true</transferable>
<deleteRule>NO ACTION</deleteRule>
</Relation>