<?xml version = '1.0' encoding = 'UTF-8'?>
<Relation class="oracle.dbtools.crest.model.design.logical.Relation" name="Relation_14" directorySegmentName="seg_0" id="630410F1-109C-9E92-ECC3-3FCAE38A8D3C">
<createdBy>Lahcim</createdBy>
<createdTime>2016-05-18 11:56:54 UTC</createdTime>
<ownerDesignName>LahStud_Baza</ownerDesignName>
<engineerTo>
<item key="20A7915D-07E7-2822-A7CC-9DF8920D9921" value="true"/>
</engineerTo>
<sourcePk>933CF815-57AE-47A8-35B4-012F8653838A</sourcePk>
<identifying>false</identifying>
<optionalSource>true</optionalSource>
<optionalTarget>false</optionalTarget>
<sourceCardinality>1</sourceCardinality>
<sourceEntity>50B9E1F8-E34F-5B57-662C-64BB35D6459C</sourceEntity>
<targetCardinalityString>*</targetCardinalityString>
<targetEntity>DFDEF047-1BB9-9032-0351-FC70DE3DFE53</targetEntity>
<transferable>true</transferable>
<deleteRule>NO ACTION</deleteRule>
</Relation>