<?xml version = '1.0' encoding = 'UTF-8'?>
<Relation class="oracle.dbtools.crest.model.design.logical.Relation" name="Relation_8" directorySegmentName="seg_0" id="6342EE0B-75C5-8E8A-59A8-B37F5E6DBCB6">
<createdBy>Lahcim</createdBy>
<createdTime>2016-05-18 11:25:01 UTC</createdTime>
<ownerDesignName>LahStud_Baza</ownerDesignName>
<engineerTo>
<item key="20A7915D-07E7-2822-A7CC-9DF8920D9921" value="true"/>
</engineerTo>
<sourcePk>C7F949C0-F670-AE23-3527-36AAE2C49D76</sourcePk>
<identifying>false</identifying>
<optionalSource>true</optionalSource>
<optionalTarget>false</optionalTarget>
<sourceCardinality>1</sourceCardinality>
<sourceEntity>ECB1F665-6E08-414F-A79D-3D118B3B4F30</sourceEntity>
<targetCardinalityString>*</targetCardinalityString>
<targetEntity>A6E1C768-08E5-2C5C-8A2B-4A340E8EABF8</targetEntity>
<transferable>true</transferable>
<deleteRule>NO ACTION</deleteRule>
</Relation>