<?xml version = '1.0' encoding = 'UTF-8'?>
<Relation class="oracle.dbtools.crest.model.design.logical.Relation" name="Relation_14" directorySegmentName="seg_0" id="8A27D841-7CC6-605D-4524-E3C61F4B2B7A">
<createdBy>Lahcim</createdBy>
<createdTime>2016-05-18 13:04:04 UTC</createdTime>
<ownerDesignName>LahStud_Baza</ownerDesignName>
<importedID>630410F1-109C-9E92-ECC3-3FCAE38A8D3C</importedID>
<engineerTo>
<item key="D466DE1F-81ED-D43D-233D-DEE6704EF09E" value="true"/>
</engineerTo>
<sourcePk>DA41925E-964C-E33F-7DF2-E36708ACB279</sourcePk>
<identifying>false</identifying>
<optionalSource>true</optionalSource>
<optionalTarget>false</optionalTarget>
<sourceCardinality>1</sourceCardinality>
<sourceEntity>896C19E5-29B2-68AD-DB83-978B15ED3009</sourceEntity>
<targetCardinalityString>*</targetCardinalityString>
<targetEntity>B36049DA-1642-3CD3-1237-8A3D1512BA7B</targetEntity>
<transferable>true</transferable>
<deleteRule>NO ACTION</deleteRule>
</Relation>