<?xml version = '1.0' encoding = 'UTF-8'?>
<Relation class="oracle.dbtools.crest.model.design.logical.Relation" name="Relation_11" directorySegmentName="seg_0" id="93BFBDDC-D57C-0C82-9542-1015D9F5A0D8">
<createdBy>Lahcim</createdBy>
<createdTime>2016-05-18 13:04:04 UTC</createdTime>
<ownerDesignName>LahStud_Baza</ownerDesignName>
<importedID>CF7D927A-8BF4-37AC-8FCA-BC2029AC5EFA</importedID>
<engineerTo>
<item key="D466DE1F-81ED-D43D-233D-DEE6704EF09E" value="true"/>
</engineerTo>
<sourcePk>CF257D60-1E17-7401-6BB9-80E7C824ECC3</sourcePk>
<identifying>false</identifying>
<optionalSource>true</optionalSource>
<optionalTarget>false</optionalTarget>
<sourceCardinality>1</sourceCardinality>
<sourceEntity>B36049DA-1642-3CD3-1237-8A3D1512BA7B</sourceEntity>
<targetCardinalityString>1</targetCardinalityString>
<targetEntity>F50EE12D-0C53-8981-7285-630E4C1729C5</targetEntity>
<transferable>true</transferable>
<deleteRule>NO ACTION</deleteRule>
</Relation>