<?xml version = '1.0' encoding = 'UTF-8'?>
<Relation class="oracle.dbtools.crest.model.design.logical.Relation" name="Relation_16" directorySegmentName="seg_0" id="BAA2FA7B-0DE5-CF6F-533E-4109FED03B1F">
<createdBy>Lahcim</createdBy>
<createdTime>2016-05-18 12:05:08 UTC</createdTime>
<ownerDesignName>LahStud_Baza</ownerDesignName>
<engineerTo>
<item key="20A7915D-07E7-2822-A7CC-9DF8920D9921" value="true"/>
</engineerTo>
<targetPk>BBD7F9DF-33A2-8FC4-D224-411859419A7E</targetPk>
<identifying>false</identifying>
<optionalSource>true</optionalSource>
<optionalTarget>false</optionalTarget>
<sourceCardinality>1</sourceCardinality>
<sourceEntity>A6E1C768-08E5-2C5C-8A2B-4A340E8EABF8</sourceEntity>
<targetCardinalityString>*</targetCardinalityString>
<targetEntity>A6E1C768-08E5-2C5C-8A2B-4A340E8EABF8</targetEntity>
<transferable>true</transferable>
<deleteRule>NO ACTION</deleteRule>
</Relation>