<?xml version = '1.0' encoding = 'UTF-8'?>
<Relation class="oracle.dbtools.crest.model.design.logical.Relation" name="Relation_11" directorySegmentName="seg_0" id="CF7D927A-8BF4-37AC-8FCA-BC2029AC5EFA">
<createdBy>Lahcim</createdBy>
<createdTime>2016-05-18 11:30:11 UTC</createdTime>
<ownerDesignName>LahStud_Baza</ownerDesignName>
<engineerTo>
<item key="20A7915D-07E7-2822-A7CC-9DF8920D9921" value="true"/>
</engineerTo>
<sourcePk>4A5BB489-9D25-920E-EE7F-FCCF4D0CA642</sourcePk>
<identifying>false</identifying>
<optionalSource>true</optionalSource>
<optionalTarget>false</optionalTarget>
<sourceCardinality>1</sourceCardinality>
<sourceEntity>DFDEF047-1BB9-9032-0351-FC70DE3DFE53</sourceEntity>
<targetCardinalityString>1</targetCardinalityString>
<targetEntity>ECB1F665-6E08-414F-A79D-3D118B3B4F30</targetEntity>
<transferable>true</transferable>
<deleteRule>NO ACTION</deleteRule>
</Relation>