<?xml version = '1.0' encoding = 'UTF-8'?>
<Relation class="oracle.dbtools.crest.model.design.logical.Relation" name="Relation_12" directorySegmentName="seg_0" id="DF8D2858-3DCC-8F75-CFA7-1A414A83432C">
<createdBy>Lahcim</createdBy>
<createdTime>2016-05-18 11:32:00 UTC</createdTime>
<ownerDesignName>LahStud_Baza</ownerDesignName>
<engineerTo>
<item key="20A7915D-07E7-2822-A7CC-9DF8920D9921" value="true"/>
</engineerTo>
<sourcePk>C7F949C0-F670-AE23-3527-36AAE2C49D76</sourcePk>
<identifying>false</identifying>
<optionalSource>true</optionalSource>
<optionalTarget>false</optionalTarget>
<sourceCardinality>1</sourceCardinality>
<sourceEntity>ECB1F665-6E08-414F-A79D-3D118B3B4F30</sourceEntity>
<targetCardinalityString>1</targetCardinalityString>
<targetEntity>DFDEF047-1BB9-9032-0351-FC70DE3DFE53</targetEntity>
<transferable>true</transferable>
<deleteRule>NO ACTION</deleteRule>
</Relation>