<?xml version = '1.0' encoding = 'UTF-8'?>
<Relation class="oracle.dbtools.crest.model.design.logical.Relation" name="Relation_16" directorySegmentName="seg_0" id="E6AF1A5B-561C-47E0-2A55-B9102BA45711">
<createdBy>Lahcim</createdBy>
<createdTime>2016-05-18 13:04:04 UTC</createdTime>
<ownerDesignName>LahStud_Baza</ownerDesignName>
<importedID>BAA2FA7B-0DE5-CF6F-533E-4109FED03B1F</importedID>
<engineerTo>
<item key="D466DE1F-81ED-D43D-233D-DEE6704EF09E" value="true"/>
</engineerTo>
<targetPk>4B86CD3B-A95A-9B54-C774-43F7D85F290D</targetPk>
<identifying>false</identifying>
<optionalSource>true</optionalSource>
<optionalTarget>false</optionalTarget>
<sourceCardinality>1</sourceCardinality>
<sourceEntity>35DCE366-0C18-17D9-F87F-4C2221498F2F</sourceEntity>
<targetCardinalityString>*</targetCardinalityString>
<targetEntity>35DCE366-0C18-17D9-F87F-4C2221498F2F</targetEntity>
<transferable>true</transferable>
<deleteRule>NO ACTION</deleteRule>
</Relation>