<?xml version = '1.0' encoding = 'UTF-8'?>
<TableProxyOraclev11g class="oracle.dbtools.crest.model.design.storage.oracle.v11g.TableProxyOraclev11g" name="Product" directorySegmentName="seg_0" id="35DA856F-E251-B307-B9D0-61AD167B2AFA">
<createdBy>Lahcim</createdBy>
<createdTime>2016-05-18 13:04:34 UTC</createdTime>
<ownerDesignName>LahStud_Baza</ownerDesignName>
<logging>YES</logging>
<partitionedRowMovement>DISABLE</partitionedRowMovement>
<temporaryChanged>false</temporaryChanged>
<accessDriverType>oracle_loader</accessDriverType>
<rejectLimit></rejectLimit>
<columnProxies itemClass="oracle.dbtools.crest.model.design.storage.oracle.v12c.ColumnProxyOraclev12c">
<ColumnProxy name="date_distributed" id="22202A17-C759-A722-A454-279C40423E98">
<createdBy>Lahcim</createdBy>
<createdTime>2016-05-18 13:04:34 UTC</createdTime>
<ownerDesignName>LahStud_Baza</ownerDesignName>
</ColumnProxy>
<ColumnProxy name="version" id="4541046D-AD01-95E3-ED3A-29CDE9336058">
<createdBy>Lahcim</createdBy>
<createdTime>2016-05-18 13:04:34 UTC</createdTime>
<ownerDesignName>LahStud_Baza</ownerDesignName>
</ColumnProxy>
<ColumnProxy name="name" id="5B8FC62A-5E52-664E-FA03-512CCEEFFE86">
<createdBy>Lahcim</createdBy>
<createdTime>2016-05-18 13:04:34 UTC</createdTime>
<ownerDesignName>LahStud_Baza</ownerDesignName>
</ColumnProxy>
<ColumnProxy name="id" id="80C7CA98-6950-F26C-D955-263E5AB34BFD">
<createdBy>Lahcim</createdBy>
<createdTime>2016-05-18 13:04:34 UTC</createdTime>
<ownerDesignName>LahStud_Baza</ownerDesignName>
</ColumnProxy>
</columnProxies>
<primaryKeys>
<PrimaryKey class="oracle.dbtools.crest.model.design.storage.oracle.v10g.PKProxyOraclev10g" name="Product_PK" id="1E6281C6-2DF7-DF44-18E9-1C9400765AFB">
<createdBy>Lahcim</createdBy>
<createdTime>2016-05-18 13:04:34 UTC</createdTime>
<ownerDesignName>LahStud_Baza</ownerDesignName>
<indexSort>SORTED</indexSort>
</PrimaryKey>
</primaryKeys>
</TableProxyOraclev11g>