<?xml version = '1.0' encoding = 'UTF-8'?>
<TableProxyOraclev11g class="oracle.dbtools.crest.model.design.storage.oracle.v11g.TableProxyOraclev11g" name="Dept" directorySegmentName="seg_0" id="C46AF185-4B32-E101-6951-9304F20557D9">
<createdBy>Lahcim</createdBy>
<createdTime>2016-05-18 13:04:34 UTC</createdTime>
<ownerDesignName>LahStud_Baza</ownerDesignName>
<logging>YES</logging>
<partitionedRowMovement>DISABLE</partitionedRowMovement>
<temporaryChanged>false</temporaryChanged>
<accessDriverType>oracle_loader</accessDriverType>
<rejectLimit></rejectLimit>
<columnProxies itemClass="oracle.dbtools.crest.model.design.storage.oracle.v12c.ColumnProxyOraclev12c">
<ColumnProxy name="id" id="554E96AC-230B-DEE5-BDC7-72127DA6AC8C">
<createdBy>Lahcim</createdBy>
<createdTime>2016-05-18 13:04:34 UTC</createdTime>
<ownerDesignName>LahStud_Baza</ownerDesignName>
</ColumnProxy>
<ColumnProxy name="name" id="E0826C44-60BA-750B-6F2C-F522466F2285">
<createdBy>Lahcim</createdBy>
<createdTime>2016-05-18 13:04:34 UTC</createdTime>
<ownerDesignName>LahStud_Baza</ownerDesignName>
</ColumnProxy>
<ColumnProxy name="manager_id" id="E3CD2E40-50FD-E1D9-CB01-6AE844E02066">
<createdBy>Lahcim</createdBy>
<createdTime>2016-05-18 13:04:34 UTC</createdTime>
<ownerDesignName>LahStud_Baza</ownerDesignName>
</ColumnProxy>
</columnProxies>
<indexProxies>
<IndexProxy class="oracle.dbtools.crest.model.design.storage.oracle.v10g.IndexProxyOraclev10g" name="Dept__IDX" id="7A447A0E-4C19-5B8D-893C-542CC135A070">
<createdBy>Lahcim</createdBy>
<createdTime>2016-05-18 13:04:34 UTC</createdTime>
<ownerDesignName>LahStud_Baza</ownerDesignName>
</IndexProxy>
</indexProxies>
<foreignKeys>
<ForeignKey class="oracle.dbtools.crest.model.design.storage.oracle.v10g.FKProxyOraclev10g" name="Dept_Emp_FK" id="D57BFCFD-BD79-C9FC-F67F-B7261D4C7D8D">
<createdBy>Lahcim</createdBy>
<createdTime>2016-05-18 13:04:34 UTC</createdTime>
<ownerDesignName>LahStud_Baza</ownerDesignName>
</ForeignKey>
</foreignKeys>
<primaryKeys>
<PrimaryKey class="oracle.dbtools.crest.model.design.storage.oracle.v10g.PKProxyOraclev10g" name="Dept_PK" id="26B44CE5-7A88-B1FA-163F-697BDF088240">
<createdBy>Lahcim</createdBy>
<createdTime>2016-05-18 13:04:34 UTC</createdTime>
<ownerDesignName>LahStud_Baza</ownerDesignName>
<indexSort>SORTED</indexSort>
</PrimaryKey>
</primaryKeys>
</TableProxyOraclev11g>