<?xml version = '1.0' encoding = 'UTF-8'?>
<TableProxyOraclev11g class="oracle.dbtools.crest.model.design.storage.oracle.v11g.TableProxyOraclev11g" name="Emp" directorySegmentName="seg_0" id="D35E4642-B0DC-FC69-703C-8A6B7455AE0E">
<createdBy>Lahcim</createdBy>
<createdTime>2016-05-18 13:04:34 UTC</createdTime>
<ownerDesignName>LahStud_Baza</ownerDesignName>
<logging>YES</logging>
<partitionedRowMovement>DISABLE</partitionedRowMovement>
<temporaryChanged>false</temporaryChanged>
<accessDriverType>oracle_loader</accessDriverType>
<rejectLimit></rejectLimit>
<columnProxies itemClass="oracle.dbtools.crest.model.design.storage.oracle.v12c.ColumnProxyOraclev12c">
<ColumnProxy name="date_started" id="2AB32119-BBD9-E142-B654-6E1E49F7040E">
<createdBy>Lahcim</createdBy>
<createdTime>2016-05-18 13:04:34 UTC</createdTime>
<ownerDesignName>LahStud_Baza</ownerDesignName>
</ColumnProxy>
<ColumnProxy name="manager_id" id="3E78094D-E0EC-DAF3-9E53-E772E5F92E94">
<createdBy>Lahcim</createdBy>
<createdTime>2016-05-18 13:04:34 UTC</createdTime>
<ownerDesignName>LahStud_Baza</ownerDesignName>
</ColumnProxy>
<ColumnProxy name="id" id="424DFC53-6E52-BCF6-DF8A-E7CC78CDB307">
<createdBy>Lahcim</createdBy>
<createdTime>2016-05-18 13:04:34 UTC</createdTime>
<ownerDesignName>LahStud_Baza</ownerDesignName>
</ColumnProxy>
<ColumnProxy name="salary" id="4D201701-E9ED-7FBB-B135-86D11208405A">
<createdBy>Lahcim</createdBy>
<createdTime>2016-05-18 13:04:34 UTC</createdTime>
<ownerDesignName>LahStud_Baza</ownerDesignName>
</ColumnProxy>
<ColumnProxy name="title" id="8CB9447E-92AE-DB4B-6D59-F6777DC30275">
<createdBy>Lahcim</createdBy>
<createdTime>2016-05-18 13:04:34 UTC</createdTime>
<ownerDesignName>LahStud_Baza</ownerDesignName>
</ColumnProxy>
<ColumnProxy name="last_name" id="9B3A872B-84E0-F381-51D9-93DBC45C352D">
<createdBy>Lahcim</createdBy>
<createdTime>2016-05-18 13:04:34 UTC</createdTime>
<ownerDesignName>LahStud_Baza</ownerDesignName>
</ColumnProxy>
<ColumnProxy name="first_name" id="B11617C8-A709-4DF7-E3DC-F2E9A8BCA5A3">
<createdBy>Lahcim</createdBy>
<createdTime>2016-05-18 13:04:34 UTC</createdTime>
<ownerDesignName>LahStud_Baza</ownerDesignName>
</ColumnProxy>
<ColumnProxy name="team_id" id="CFD63B0D-0568-8627-2242-584105F291B8">
<createdBy>Lahcim</createdBy>
<createdTime>2016-05-18 13:04:34 UTC</createdTime>
<ownerDesignName>LahStud_Baza</ownerDesignName>
</ColumnProxy>
</columnProxies>
<foreignKeys>
<ForeignKey class="oracle.dbtools.crest.model.design.storage.oracle.v10g.FKProxyOraclev10g" name="Emp_Emp_FK" id="52271134-158A-02D3-7E32-7757A8A4CDBD">
<createdBy>Lahcim</createdBy>
<createdTime>2016-05-18 13:04:34 UTC</createdTime>
<ownerDesignName>LahStud_Baza</ownerDesignName>
</ForeignKey>
<ForeignKey class="oracle.dbtools.crest.model.design.storage.oracle.v10g.FKProxyOraclev10g" name="Emp_Team_FK" id="7EFCC2B1-C408-99C6-3AA6-E2297C75346A">
<createdBy>Lahcim</createdBy>
<createdTime>2016-05-18 13:04:34 UTC</createdTime>
<ownerDesignName>LahStud_Baza</ownerDesignName>
</ForeignKey>
</foreignKeys>
<primaryKeys>
<PrimaryKey class="oracle.dbtools.crest.model.design.storage.oracle.v10g.PKProxyOraclev10g" name="Emp_PK" id="F12FE843-6847-5CED-2663-C87B8C200564">
<createdBy>Lahcim</createdBy>
<createdTime>2016-05-18 13:04:34 UTC</createdTime>
<ownerDesignName>LahStud_Baza</ownerDesignName>
<indexSort>SORTED</indexSort>
</PrimaryKey>
</primaryKeys>
</TableProxyOraclev11g>