<?xml version = '1.0' encoding = 'UTF-8'?>
<TableProxyOraclev11g class="oracle.dbtools.crest.model.design.storage.oracle.v11g.TableProxyOraclev11g" name="Project" directorySegmentName="seg_0" id="F58BB282-76BA-7C36-C852-DA5679728EEB">
<createdBy>Lahcim</createdBy>
<createdTime>2016-05-18 13:04:34 UTC</createdTime>
<ownerDesignName>LahStud_Baza</ownerDesignName>
<logging>YES</logging>
<partitionedRowMovement>DISABLE</partitionedRowMovement>
<temporaryChanged>false</temporaryChanged>
<accessDriverType>oracle_loader</accessDriverType>
<rejectLimit></rejectLimit>
<columnProxies itemClass="oracle.dbtools.crest.model.design.storage.oracle.v12c.ColumnProxyOraclev12c">
<ColumnProxy name="date_launched" id="235C783D-0A1D-B205-FCB1-EB007EBE1FA8">
<createdBy>Lahcim</createdBy>
<createdTime>2016-05-18 13:04:34 UTC</createdTime>
<ownerDesignName>LahStud_Baza</ownerDesignName>
</ColumnProxy>
<ColumnProxy name="id" id="479A636E-CA6C-440E-0099-93844F6C1871">
<createdBy>Lahcim</createdBy>
<createdTime>2016-05-18 13:04:34 UTC</createdTime>
<ownerDesignName>LahStud_Baza</ownerDesignName>
</ColumnProxy>
<ColumnProxy name="product_id" id="525EC5C0-5EFB-B7B3-0965-D13D17BDD134">
<createdBy>Lahcim</createdBy>
<createdTime>2016-05-18 13:04:34 UTC</createdTime>
<ownerDesignName>LahStud_Baza</ownerDesignName>
</ColumnProxy>
<ColumnProxy name="date_finished" id="634327C0-30CC-94F6-3B0D-947F506BA02B">
<createdBy>Lahcim</createdBy>
<createdTime>2016-05-18 13:04:34 UTC</createdTime>
<ownerDesignName>LahStud_Baza</ownerDesignName>
</ColumnProxy>
<ColumnProxy name="team_id" id="AF710586-37E1-3398-E5CA-DBA566098AF8">
<createdBy>Lahcim</createdBy>
<createdTime>2016-05-18 13:04:34 UTC</createdTime>
<ownerDesignName>LahStud_Baza</ownerDesignName>
</ColumnProxy>
<ColumnProxy name="primary_deadline" id="BD2E547E-19B2-FB99-7C42-27200A0E5F3C">
<createdBy>Lahcim</createdBy>
<createdTime>2016-05-18 13:04:34 UTC</createdTime>
<ownerDesignName>LahStud_Baza</ownerDesignName>
</ColumnProxy>
<ColumnProxy name="delay_time" id="DDF41A57-FF63-72F2-6B18-70E8F0F1BE7E">
<createdBy>Lahcim</createdBy>
<createdTime>2016-05-18 13:04:34 UTC</createdTime>
<ownerDesignName>LahStud_Baza</ownerDesignName>
</ColumnProxy>
</columnProxies>
<indexProxies>
<IndexProxy class="oracle.dbtools.crest.model.design.storage.oracle.v10g.IndexProxyOraclev10g" name="Project__IDX" id="43158EBA-5F89-F839-6125-DFEB86B08DF6">
<createdBy>Lahcim</createdBy>
<createdTime>2016-05-18 13:04:34 UTC</createdTime>
<ownerDesignName>LahStud_Baza</ownerDesignName>
</IndexProxy>
</indexProxies>
<foreignKeys>
<ForeignKey class="oracle.dbtools.crest.model.design.storage.oracle.v10g.FKProxyOraclev10g" name="Project_Product_FK" id="7BCFBC8F-E7BC-2DBC-9FFA-6151E6B4FA5B">
<createdBy>Lahcim</createdBy>
<createdTime>2016-05-18 13:04:34 UTC</createdTime>
<ownerDesignName>LahStud_Baza</ownerDesignName>
</ForeignKey>
<ForeignKey class="oracle.dbtools.crest.model.design.storage.oracle.v10g.FKProxyOraclev10g" name="Project_Team_FK" id="DE4D15D2-8975-0404-11D1-A0EE31E54461">
<createdBy>Lahcim</createdBy>
<createdTime>2016-05-18 13:04:34 UTC</createdTime>
<ownerDesignName>LahStud_Baza</ownerDesignName>
</ForeignKey>
</foreignKeys>
<primaryKeys>
<PrimaryKey class="oracle.dbtools.crest.model.design.storage.oracle.v10g.PKProxyOraclev10g" name="Project_PK" id="BA1B4991-D958-104D-57BA-410EDBC2B1C9">
<createdBy>Lahcim</createdBy>
<createdTime>2016-05-18 13:04:34 UTC</createdTime>
<ownerDesignName>LahStud_Baza</ownerDesignName>
<indexSort>SORTED</indexSort>
</PrimaryKey>
</primaryKeys>
</TableProxyOraclev11g>