<?xml version = '1.0' encoding = 'UTF-8'?>
<TableProxyOraclev11g class="oracle.dbtools.crest.model.design.storage.oracle.v11g.TableProxyOraclev11g" name="Team" directorySegmentName="seg_0" id="F703B778-843B-25E2-ED7F-7E59C184AE7A">
<createdBy>Lahcim</createdBy>
<createdTime>2016-05-18 13:04:34 UTC</createdTime>
<ownerDesignName>LahStud_Baza</ownerDesignName>
<logging>YES</logging>
<partitionedRowMovement>DISABLE</partitionedRowMovement>
<temporaryChanged>false</temporaryChanged>
<accessDriverType>oracle_loader</accessDriverType>
<rejectLimit></rejectLimit>
<columnProxies itemClass="oracle.dbtools.crest.model.design.storage.oracle.v12c.ColumnProxyOraclev12c">
<ColumnProxy name="dept_id" id="B5E77B8F-E24A-8501-E0D2-D4A5170A3E1D">
<createdBy>Lahcim</createdBy>
<createdTime>2016-05-18 13:04:34 UTC</createdTime>
<ownerDesignName>LahStud_Baza</ownerDesignName>
</ColumnProxy>
<ColumnProxy name="project_id" id="E4A63F5D-DCEC-2B2B-DD79-1B274F4F7020">
<createdBy>Lahcim</createdBy>
<createdTime>2016-05-18 13:04:34 UTC</createdTime>
<ownerDesignName>LahStud_Baza</ownerDesignName>
</ColumnProxy>
<ColumnProxy name="id" id="F2106E93-3F92-AE09-DDDD-53FF4E070711">
<createdBy>Lahcim</createdBy>
<createdTime>2016-05-18 13:04:34 UTC</createdTime>
<ownerDesignName>LahStud_Baza</ownerDesignName>
</ColumnProxy>
</columnProxies>
<indexProxies>
<IndexProxy class="oracle.dbtools.crest.model.design.storage.oracle.v10g.IndexProxyOraclev10g" name="Team__IDX" id="066828C8-1905-69DD-CAA9-920C0F31D735">
<createdBy>Lahcim</createdBy>
<createdTime>2016-05-18 13:04:34 UTC</createdTime>
<ownerDesignName>LahStud_Baza</ownerDesignName>
</IndexProxy>
</indexProxies>
<foreignKeys>
<ForeignKey class="oracle.dbtools.crest.model.design.storage.oracle.v10g.FKProxyOraclev10g" name="Team_Project_FK" id="506F4B74-E1A3-EC80-96A2-D207FB438A4D">
<createdBy>Lahcim</createdBy>
<createdTime>2016-05-18 13:04:34 UTC</createdTime>
<ownerDesignName>LahStud_Baza</ownerDesignName>
</ForeignKey>
<ForeignKey class="oracle.dbtools.crest.model.design.storage.oracle.v10g.FKProxyOraclev10g" name="Team_Dept_FK" id="58250353-92FB-20E9-C7AA-560F032CF109">
<createdBy>Lahcim</createdBy>
<createdTime>2016-05-18 13:04:34 UTC</createdTime>
<ownerDesignName>LahStud_Baza</ownerDesignName>
</ForeignKey>
</foreignKeys>
<primaryKeys>
<PrimaryKey class="oracle.dbtools.crest.model.design.storage.oracle.v10g.PKProxyOraclev10g" name="Team_PK" id="7C1BF63C-E1B4-B5AD-AF2B-8B06EF7BD63D">
<createdBy>Lahcim</createdBy>
<createdTime>2016-05-18 13:04:34 UTC</createdTime>
<ownerDesignName>LahStud_Baza</ownerDesignName>
<indexSort>SORTED</indexSort>
</PrimaryKey>
</primaryKeys>
</TableProxyOraclev11g>